114688, read_plain, 4, 1.145546, 0.101650
114688, read_plain, 8, 1.118894, 0.072770
114688, read_plain, 12, 1.332358, 0.163246
114688, read_plain, 16, 0.908359, 0.146710
114688, read_plain, 24, 0.903758, 0.095889
114688, read_plain, 32, 1.328289, 0.134612
114688, read_plain, 40, 1.073927, 0.111773
114688, read_plain, 48, 0.876992, 0.218400
114688, read_plain, 56, 0.755940, 0.113763
114688, read_plain, 64, 3.858685, 6.414169
114688, read_direct, 4, 2.381945, 0.309142
114688, read_direct, 8, 3.650743, 3.717803
114688, read_direct, 12, 1.722327, 0.246085
114688, read_direct, 16, 1.584018, 0.070632
114688, read_direct, 24, 1.297883, 0.064174
114688, read_direct, 32, 1.483945, 0.351557
114688, read_direct, 40, 3.018045, 3.378835
114688, read_direct, 48, 1.395919, 0.130665
114688, read_direct, 56, 1.359931, 0.245743
114688, read_direct, 64, 1.209138, 0.110867
114688, read_fadvise, 4, 1.021920, 0.081701
114688, read_fadvise, 8, 1.142050, 0.247685
114688, read_fadvise, 12, 1.218049, 0.063773
114688, read_fadvise, 16, 0.749708, 0.124211
114688, read_fadvise, 24, 0.834682, 0.462552
114688, read_fadvise, 32, 0.899301, 0.084105
114688, read_fadvise, 40, 0.674853, 0.049882
114688, read_fadvise, 48, 0.646856, 0.038932
114688, read_fadvise, 56, 0.746428, 0.053960
114688, read_fadvise, 64, 0.751634, 0.059714
114688, aio_read_direct, 4, 4.321751, 0.980801
114688, aio_read_direct, 8, 5.351122, 3.672430
114688, aio_read_direct, 12, 3.487858, 0.414577
114688, aio_read_direct, 16, 2.156459, 0.417858
114688, aio_read_direct, 24, 1.721081, 0.130298
114688, aio_read_direct, 32, 3.449414, 3.059230
114688, aio_read_direct, 40, 3.016490, 3.342981
114688, aio_read_direct, 48, 1.397598, 0.189245
114688, aio_read_direct, 56, 1.477211, 0.115686
114688, aio_read_direct, 64, 1.209384, 0.042780
114688, aio_read_fadvise, 4, 5.050160, 7.013459
114688, aio_read_fadvise, 8, 1.076968, 0.332372
114688, aio_read_fadvise, 12, 1.412878, 0.223812
114688, aio_read_fadvise, 16, 1.163515, 0.158199
114688, aio_read_fadvise, 24, 1.221480, 0.284252
114688, aio_read_fadvise, 32, 0.738496, 0.312803
114688, aio_read_fadvise, 40, 2.759494, 3.426931
114688, aio_read_fadvise, 48, 0.926746, 0.382083
114688, aio_read_fadvise, 56, 1.248519, 0.281476
114688, aio_read_fadvise, 64, 1.162719, 0.023084
114688, read_async_plain, 4, 1.305149, 0.185823
114688, read_async_plain, 8, 2.681799, 3.418479
114688, read_async_plain, 12, 1.609095, 0.558278
114688, read_async_plain, 16, 3.040225, 3.124523
114688, read_async_plain, 24, 1.030630, 0.286877
114688, read_async_plain, 32, 0.813205, 0.221178
114688, read_async_plain, 40, 1.861458, 1.549205
114688, read_async_plain, 48, 1.340755, 0.687317
114688, read_async_plain, 56, 0.764105, 0.140898
114688, read_async_plain, 64, 0.890401, 0.177049
114688, read_async_direct, 4, 4.800269, 3.866926
114688, read_async_direct, 8, 2.475756, 0.257580
114688, read_async_direct, 12, 4.057228, 3.000007
114688, read_async_direct, 16, 2.421115, 0.823767
114688, read_async_direct, 24, 1.810563, 0.162361
114688, read_async_direct, 32, 1.628631, 0.107279
114688, read_async_direct, 40, 1.351438, 0.230053
114688, read_async_direct, 48, 1.915235, 0.533485
114688, read_async_direct, 56, 1.408357, 0.310704
114688, read_async_direct, 64, 1.216687, 0.056843
114688, read_async_fadvise, 4, 1.233361, 0.119803
114688, read_async_fadvise, 8, 1.354255, 0.068997
114688, read_async_fadvise, 12, 1.422807, 0.094986
114688, read_async_fadvise, 16, 1.669514, 0.584595
114688, read_async_fadvise, 24, 1.265112, 0.206094
114688, read_async_fadvise, 32, 1.598517, 0.588802
114688, read_async_fadvise, 40, 2.869964, 3.091370
114688, read_async_fadvise, 48, 1.286406, 0.270907
114688, read_async_fadvise, 56, 1.730815, 0.808673
114688, read_async_fadvise, 64, 1.518336, 0.394197
114688, mmap_plain, 0, 0.749771, 0.169446
114688, mmap_direct, 0, 0.655401, 0.044062
114688, mmap_fadvise, 0, 0.693719, 0.059517
131072, read_plain, 4, 1.366244, 0.040546
131072, read_plain, 8, 0.755369, 0.143870
131072, read_plain, 12, 0.675146, 0.118598
131072, read_plain, 16, 0.900886, 0.121104
131072, read_plain, 24, 1.018957, 0.183705
131072, read_plain, 32, 0.760176, 0.032353
131072, read_plain, 40, 0.676475, 0.060650
131072, read_plain, 48, 0.624312, 0.059331
131072, read_plain, 56, 0.745200, 0.019953
131072, read_plain, 64, 0.849501, 0.375655
131072, read_direct, 4, 5.112589, 3.346855
131072, read_direct, 8, 2.729516, 0.142061
131072, read_direct, 12, 4.177239, 3.323855
131072, read_direct, 16, 2.249243, 0.232668
131072, read_direct, 24, 2.049369, 0.158546
131072, read_direct, 32, 1.745343, 0.134241
131072, read_direct, 40, 1.622251, 0.080498
131072, read_direct, 48, 1.320012, 0.014080
131072, read_direct, 56, 0.944703, 0.086659
131072, read_direct, 64, 0.881281, 0.068561
131072, read_fadvise, 4, 0.785676, 0.019416
131072, read_fadvise, 8, 0.817374, 0.082791
131072, read_fadvise, 12, 0.791719, 0.129971
131072, read_fadvise, 16, 0.713621, 0.027394
131072, read_fadvise, 24, 0.625225, 0.164015
131072, read_fadvise, 32, 0.761050, 0.062079
131072, read_fadvise, 40, 0.754910, 0.033728
131072, read_fadvise, 48, 0.815940, 0.179672
131072, read_fadvise, 56, 0.726304, 0.040031
131072, read_fadvise, 64, 0.740268, 0.187461
131072, aio_read_direct, 4, 3.443051, 0.470298
131072, aio_read_direct, 8, 3.113599, 0.603407
131072, aio_read_direct, 12, 2.896235, 0.303176
131072, aio_read_direct, 16, 2.923045, 0.599925
131072, aio_read_direct, 24, 2.085449, 0.235634
131072, aio_read_direct, 32, 1.633513, 0.222173
131072, aio_read_direct, 40, 1.509990, 0.121936
131072, aio_read_direct, 48, 1.360379, 0.275571
131072, aio_read_direct, 56, 1.260609, 0.104682
131072, aio_read_direct, 64, 1.182036, 0.098767
131072, aio_read_fadvise, 4, 1.510719, 0.178853
131072, aio_read_fadvise, 8, 1.087785, 0.166186
131072, aio_read_fadvise, 12, 1.310807, 0.146486
131072, aio_read_fadvise, 16, 1.205203, 0.254717
131072, aio_read_fadvise, 24, 4.936421, 3.937751
131072, aio_read_fadvise, 32, 0.989094, 0.258350
131072, aio_read_fadvise, 40, 0.868203, 0.170967
131072, aio_read_fadvise, 48, 1.033112, 0.154925
131072, aio_read_fadvise, 56, 1.487981, 0.206755
131072, aio_read_fadvise, 64, 1.144930, 0.095206
131072, read_async_plain, 4, 1.237143, 0.102379
131072, read_async_plain, 8, 1.346823, 0.123907
131072, read_async_plain, 12, 2.828310, 3.728585
131072, read_async_plain, 16, 0.990876, 0.102878
131072, read_async_plain, 24, 1.291790, 0.246713
131072, read_async_plain, 32, 1.836047, 0.810733
131072, read_async_plain, 40, 1.526012, 0.479049
131072, read_async_plain, 48, 1.326502, 0.163211
131072, read_async_plain, 56, 0.894704, 0.250990
131072, read_async_plain, 64, 1.134771, 0.315591
131072, read_async_direct, 4, 4.682118, 2.899027
131072, read_async_direct, 8, 2.517792, 0.695491
131072, read_async_direct, 12, 2.126811, 0.240754
131072, read_async_direct, 16, 2.022394, 0.453583
131072, read_async_direct, 24, 1.763663, 0.354097
131072, read_async_direct, 32, 2.500181, 1.185756
131072, read_async_direct, 40, 1.269319, 0.041515
131072, read_async_direct, 48, 1.641462, 0.692941
131072, read_async_direct, 56, 1.563733, 0.276780
131072, read_async_direct, 64, 1.469903, 0.226764
131072, read_async_fadvise, 4, 1.386095, 0.177235
131072, read_async_fadvise, 8, 1.240750, 0.058581
131072, read_async_fadvise, 12, 1.323346, 0.201403
131072, read_async_fadvise, 16, 2.802637, 3.259994
131072, read_async_fadvise, 24, 1.518417, 0.278523
131072, read_async_fadvise, 32, 4.780365, 4.224736
131072, read_async_fadvise, 40, 1.378588, 0.280554
131072, read_async_fadvise, 48, 1.217244, 0.162963
131072, read_async_fadvise, 56, 1.295418, 0.519469
131072, read_async_fadvise, 64, 0.938334, 0.238916
131072, mmap_plain, 0, 2.438941, 3.339410
131072, mmap_direct, 0, 0.874038, 0.142554
131072, mmap_fadvise, 0, 0.784329, 0.115699
163840, read_plain, 4, 1.477020, 0.198015
163840, read_plain, 8, 1.721001, 0.610042
163840, read_plain, 12, 1.292803, 0.133924
163840, read_plain, 16, 2.889747, 3.329783
163840, read_plain, 24, 3.008921, 3.281046
163840, read_plain, 32, 1.205957, 0.025912
163840, read_plain, 40, 1.109876, 0.091449
163840, read_plain, 48, 1.504449, 0.224334
163840, read_plain, 56, 1.276966, 0.094143
163840, read_plain, 64, 1.451985, 0.202216
163840, read_direct, 4, 3.015888, 0.302971
163840, read_direct, 8, 2.276823, 0.243258
163840, read_direct, 12, 2.068122, 0.304715
163840, read_direct, 16, 1.657723, 0.145326
163840, read_direct, 24, 1.732394, 0.056543
163840, read_direct, 32, 5.781766, 5.557797
163840, read_direct, 40, 1.429393, 0.383081
163840, read_direct, 48, 1.529509, 0.343945
163840, read_direct, 56, 1.753519, 0.138026
163840, read_direct, 64, 1.401978, 0.294596
163840, read_fadvise, 4, 1.067497, 0.234229
163840, read_fadvise, 8, 1.111760, 0.211002
163840, read_fadvise, 12, 1.135894, 0.041053
163840, read_fadvise, 16, 4.023040, 5.163743
163840, read_fadvise, 24, 0.939992, 0.169968
163840, read_fadvise, 32, 1.207051, 0.203320
163840, read_fadvise, 40, 1.293772, 0.146019
163840, read_fadvise, 48, 1.118745, 0.111142
163840, read_fadvise, 56, 1.255981, 0.051018
163840, read_fadvise, 64, 6.312009, 4.110692
163840, aio_read_direct, 4, 4.715886, 0.557330
163840, aio_read_direct, 8, 4.740688, 0.963082
163840, aio_read_direct, 12, 4.049409, 0.370400
163840, aio_read_direct, 16, 3.136749, 0.344048
163840, aio_read_direct, 24, 2.649324, 0.292028
163840, aio_read_direct, 32, 3.914798, 3.476737
163840, aio_read_direct, 40, 5.543367, 4.349131
163840, aio_read_direct, 48, 1.935862, 0.169940
163840, aio_read_direct, 56, 5.020168, 4.249999
163840, aio_read_direct, 64, 1.668338, 0.023557
163840, aio_read_fadvise, 4, 1.852205, 0.106828
163840, aio_read_fadvise, 8, 1.641778, 0.325294
163840, aio_read_fadvise, 12, 1.745664, 0.299341
163840, aio_read_fadvise, 16, 1.633139, 0.109970
163840, aio_read_fadvise, 24, 1.412040, 0.171454
163840, aio_read_fadvise, 32, 1.267008, 0.161048
163840, aio_read_fadvise, 40, 2.986711, 3.177754
163840, aio_read_fadvise, 48, 1.462118, 0.188577
163840, aio_read_fadvise, 56, 1.335615, 0.218771
163840, aio_read_fadvise, 64, 1.280579, 0.267372
163840, read_async_plain, 4, 1.580461, 0.172808
163840, read_async_plain, 8, 1.483888, 0.148080
163840, read_async_plain, 12, 1.313663, 0.111340
163840, read_async_plain, 16, 1.288977, 0.059007
163840, read_async_plain, 24, 1.566727, 0.220281
163840, read_async_plain, 32, 1.273549, 0.082884
163840, read_async_plain, 40, 3.126614, 3.416882
163840, read_async_plain, 48, 3.427078, 3.036919
163840, read_async_plain, 56, 1.421417, 0.185663
163840, read_async_plain, 64, 3.089356, 3.237664
163840, read_async_direct, 4, 2.962226, 0.091478
163840, read_async_direct, 8, 2.323652, 0.302250
163840, read_async_direct, 12, 2.008976, 0.060035
163840, read_async_direct, 16, 1.894052, 0.387563
163840, read_async_direct, 24, 1.684333, 0.095387
163840, read_async_direct, 32, 1.900227, 0.350817
163840, read_async_direct, 40, 1.770020, 0.541240
163840, read_async_direct, 48, 2.477315, 0.865645
163840, read_async_direct, 56, 3.503269, 3.102459
163840, read_async_direct, 64, 1.639272, 0.357753
163840, read_async_fadvise, 4, 7.775794, 9.544009
163840, read_async_fadvise, 8, 1.406562, 0.869848
163840, read_async_fadvise, 12, 1.612579, 0.167929
163840, read_async_fadvise, 16, 1.307808, 0.108579
163840, read_async_fadvise, 24, 1.780199, 0.362048
163840, read_async_fadvise, 32, 1.202339, 0.295933
163840, read_async_fadvise, 40, 0.794755, 0.206380
163840, read_async_fadvise, 48, 2.537380, 1.658761
163840, read_async_fadvise, 56, 1.017275, 0.164666
163840, read_async_fadvise, 64, 1.257156, 0.281579
163840, mmap_plain, 0, 1.011418, 0.197359
163840, mmap_direct, 0, 1.049542, 0.070460
163840, mmap_fadvise, 0, 0.848080, 0.010781
16384, read_plain, 4, 0.871045, 0.128197
16384, read_plain, 8, 0.886243, 0.121302
16384, read_plain, 12, 0.827104, 0.244614
16384, read_plain, 16, 0.773039, 0.194371
16384, read_direct, 4, 1.136009, 0.063236
16384, read_direct, 8, 1.118713, 1.332183
16384, read_direct, 12, 0.969267, 0.229122
16384, read_direct, 16, 0.386483, 0.150630
16384, read_fadvise, 4, 0.284308, 0.126520
16384, read_fadvise, 8, 0.258794, 0.110055
16384, read_fadvise, 12, 0.117806, 0.136312
16384, read_fadvise, 16, 0.139603, 0.112520
16384, aio_read_direct, 4, 1.188974, 0.134881
16384, aio_read_direct, 8, 0.700692, 0.142031
16384, aio_read_direct, 12, 0.551541, 0.077929
16384, aio_read_direct, 16, 0.476201, 0.079575
16384, aio_read_fadvise, 4, 0.524727, 0.079494
16384, aio_read_fadvise, 8, 0.479002, 0.139949
16384, aio_read_fadvise, 12, 0.377197, 0.133849
16384, aio_read_fadvise, 16, 1.012438, 0.161099
16384, read_async_plain, 4, 1.084101, 0.393425
16384, read_async_plain, 8, 0.799842, 0.046919
16384, read_async_plain, 12, 1.053463, 0.194879
16384, read_async_plain, 16, 1.623190, 0.635042
16384, read_async_direct, 4, 2.999505, 3.235043
16384, read_async_direct, 8, 1.072164, 0.123094
16384, read_async_direct, 12, 2.487296, 3.248487
16384, read_async_direct, 16, 1.157162, 0.325485
16384, read_async_fadvise, 4, 0.423898, 0.221451
16384, read_async_fadvise, 8, 0.615775, 0.548624
16384, read_async_fadvise, 12, 0.639923, 0.337595
16384, read_async_fadvise, 16, 9.413056, 15.501496
16384, mmap_plain, 0, 23.039290, 45.370771
16384, mmap_direct, 0, 0.267339, 0.138387
16384, mmap_fadvise, 0, 8.680114, 10.462920
196608, read_plain, 4, 1.671784, 0.133043
196608, read_plain, 8, 1.324864, 0.140264
196608, read_plain, 12, 1.483805, 0.150761
196608, read_plain, 16, 0.976467, 0.287386
196608, read_plain, 24, 1.511805, 0.164823
196608, read_plain, 32, 1.009017, 0.170999
196608, read_plain, 40, 1.032716, 0.110393
196608, read_plain, 48, 1.179651, 0.106977
196608, read_plain, 56, 1.194577, 0.137616
196608, read_plain, 64, 1.008305, 0.206096
196608, read_direct, 4, 9.152308, 7.517685
196608, read_direct, 8, 3.134497, 0.192331
196608, read_direct, 12, 3.028795, 0.211821
196608, read_direct, 16, 2.617734, 0.052171
196608, read_direct, 24, 2.325591, 0.112742
196608, read_direct, 32, 2.219903, 0.391865
196608, read_direct, 40, 1.951220, 0.113723
196608, read_direct, 48, 1.849195, 0.400550
196608, read_direct, 56, 4.988750, 4.061841
196608, read_direct, 64, 1.643101, 0.120701
196608, read_fadvise, 4, 3.279428, 3.479954
196608, read_fadvise, 8, 1.255579, 0.080835
196608, read_fadvise, 12, 1.316469, 0.042026
196608, read_fadvise, 16, 1.379947, 0.125750
196608, read_fadvise, 24, 1.275751, 0.125332
196608, read_fadvise, 32, 1.331911, 0.090341
196608, read_fadvise, 40, 1.403987, 0.095993
196608, read_fadvise, 48, 1.504460, 0.152983
196608, read_fadvise, 56, 1.179508, 0.133738
196608, read_fadvise, 64, 1.065845, 0.154495
196608, aio_read_direct, 4, 5.579611, 1.330615
196608, aio_read_direct, 8, 4.659603, 1.282448
196608, aio_read_direct, 12, 3.240022, 0.803017
196608, aio_read_direct, 16, 2.784961, 0.240008
196608, aio_read_direct, 24, 2.541205, 0.281698
196608, aio_read_direct, 32, 2.299886, 0.162818
196608, aio_read_direct, 40, 7.596961, 7.651053
196608, aio_read_direct, 48, 3.633042, 3.430991
196608, aio_read_direct, 56, 1.789755, 0.128605
196608, aio_read_direct, 64, 1.552484, 0.150652
196608, aio_read_fadvise, 4, 1.754858, 0.083332
196608, aio_read_fadvise, 8, 1.222239, 0.215617
196608, aio_read_fadvise, 12, 1.259086, 0.172120
196608, aio_read_fadvise, 16, 1.094832, 0.260872
196608, aio_read_fadvise, 24, 1.657777, 0.077386
196608, aio_read_fadvise, 32, 1.626304, 0.233745
196608, aio_read_fadvise, 40, 1.394939, 0.304763
196608, aio_read_fadvise, 48, 1.422251, 0.284305
196608, aio_read_fadvise, 56, 1.185363, 0.304487
196608, aio_read_fadvise, 64, 2.969453, 3.430576
196608, read_async_plain, 4, 1.136789, 0.251854
196608, read_async_plain, 8, 1.594076, 0.573641
196608, read_async_plain, 12, 1.984848, 1.087154
196608, read_async_plain, 16, 1.802468, 0.977220
196608, read_async_plain, 24, 1.555450, 0.237201
196608, read_async_plain, 32, 4.648237, 3.963542
196608, read_async_plain, 40, 1.242044, 0.089532
196608, read_async_plain, 48, 1.586347, 0.485380
196608, read_async_plain, 56, 1.527778, 0.054858
196608, read_async_plain, 64, 1.499170, 0.458995
196608, read_async_direct, 4, 3.432061, 0.231669
196608, read_async_direct, 8, 2.632658, 0.136535
196608, read_async_direct, 12, 2.176525, 0.251130
196608, read_async_direct, 16, 1.831876, 0.021965
196608, read_async_direct, 24, 3.712087, 3.347065
196608, read_async_direct, 32, 3.584483, 3.192746
196608, read_async_direct, 40, 1.588160, 0.064066
196608, read_async_direct, 48, 3.259620, 3.312311
196608, read_async_direct, 56, 1.665309, 0.202414
196608, read_async_direct, 64, 1.401371, 0.140444
196608, read_async_fadvise, 4, 1.221082, 0.182563
196608, read_async_fadvise, 8, 1.356571, 0.300568
196608, read_async_fadvise, 12, 1.435663, 0.447630
196608, read_async_fadvise, 16, 2.312797, 2.518387
196608, read_async_fadvise, 24, 1.597856, 0.866440
196608, read_async_fadvise, 32, 1.319487, 0.105506
196608, read_async_fadvise, 40, 1.185085, 0.251892
196608, read_async_fadvise, 48, 1.217453, 0.148910
196608, read_async_fadvise, 56, 1.290306, 0.211264
196608, read_async_fadvise, 64, 1.184655, 0.187216
196608, mmap_plain, 0, 1.105245, 0.025205
196608, mmap_direct, 0, 1.093370, 0.023425
196608, mmap_fadvise, 0, 2.006809, 1.942763
1024, mmap_plain, 0, 0.896167, 0.711888
1024, mmap_direct, 0, 0.876725, 0.747028
1024, mmap_fadvise, 0, 0.762461, 0.715834
229376, read_plain, 4, 1.497579, 0.064241
229376, read_plain, 8, 1.731133, 0.099957
229376, read_plain, 12, 1.383161, 0.078199
229376, read_plain, 16, 1.417568, 0.094749
229376, read_plain, 24, 1.401186, 0.262761
229376, read_plain, 32, 1.547619, 0.082936
229376, read_plain, 40, 1.111139, 0.285125
229376, read_plain, 48, 1.538643, 0.184181
229376, read_plain, 56, 1.595152, 0.439511
229376, read_plain, 64, 1.674858, 0.213723
229376, read_direct, 4, 4.559563, 0.213400
229376, read_direct, 8, 3.182263, 0.258787
229376, read_direct, 12, 5.747503, 3.451421
229376, read_direct, 16, 3.778940, 1.958864
229376, read_direct, 24, 4.427229, 3.472100
229376, read_direct, 32, 2.450970, 0.046250
229376, read_direct, 40, 2.362762, 0.064206
229376, read_direct, 48, 3.472136, 3.660493
229376, read_direct, 56, 1.622697, 0.075198
229376, read_direct, 64, 3.777981, 3.868694
229376, read_fadvise, 4, 1.260676, 0.159753
229376, read_fadvise, 8, 2.949158, 3.527816
229376, read_fadvise, 12, 1.621368, 0.313304
229376, read_fadvise, 16, 1.774796, 0.335914
229376, read_fadvise, 24, 1.728930, 0.145032
229376, read_fadvise, 32, 3.202265, 3.499336
229376, read_fadvise, 40, 1.209223, 0.194606
229376, read_fadvise, 48, 1.729341, 0.202879
229376, read_fadvise, 56, 1.325086, 0.160967
229376, read_fadvise, 64, 1.181837, 0.146212
229376, aio_read_direct, 4, 4.541166, 0.289124
229376, aio_read_direct, 8, 3.839562, 0.721084
229376, aio_read_direct, 12, 3.600119, 0.540968
229376, aio_read_direct, 16, 3.199940, 0.725857
229376, aio_read_direct, 24, 2.982815, 0.173541
229376, aio_read_direct, 32, 2.482442, 0.515426
229376, aio_read_direct, 40, 1.981819, 0.062443
229376, aio_read_direct, 48, 2.159294, 0.296863
229376, aio_read_direct, 56, 1.928998, 0.140332
229376, aio_read_direct, 64, 1.813302, 0.068176
229376, aio_read_fadvise, 4, 1.980557, 0.201652
229376, aio_read_fadvise, 8, 1.617341, 0.206127
229376, aio_read_fadvise, 12, 1.671251, 0.365438
229376, aio_read_fadvise, 16, 3.610490, 3.378404
229376, aio_read_fadvise, 24, 1.206890, 0.146362
229376, aio_read_fadvise, 32, 1.826111, 0.445043
229376, aio_read_fadvise, 40, 1.436302, 0.115309
229376, aio_read_fadvise, 48, 1.874649, 0.255996
229376, aio_read_fadvise, 56, 1.750940, 0.144280
229376, aio_read_fadvise, 64, 1.726929, 0.219058
229376, read_async_plain, 4, 1.791427, 0.328439
229376, read_async_plain, 8, 2.173155, 0.631595
229376, read_async_plain, 12, 3.930782, 4.494545
229376, read_async_plain, 16, 3.274084, 3.529490
229376, read_async_plain, 24, 3.306249, 3.344118
229376, read_async_plain, 32, 1.958118, 0.321905
229376, read_async_plain, 40, 1.245709, 0.157407
229376, read_async_plain, 48, 1.899125, 0.308764
229376, read_async_plain, 56, 4.799345, 3.766082
229376, read_async_plain, 64, 1.645575, 0.148385
229376, read_async_direct, 4, 5.497885, 3.206565
229376, read_async_direct, 8, 5.320694, 4.068573
229376, read_async_direct, 12, 2.334545, 0.285666
229376, read_async_direct, 16, 2.396933, 0.233813
229376, read_async_direct, 24, 3.173073, 0.275895
229376, read_async_direct, 32, 2.297388, 0.208246
229376, read_async_direct, 40, 2.546096, 0.269657
229376, read_async_direct, 48, 1.965252, 0.041608
229376, read_async_direct, 56, 4.011131, 4.021169
229376, read_async_direct, 64, 2.093687, 0.216050
229376, read_async_fadvise, 4, 2.047041, 0.225957
229376, read_async_fadvise, 8, 1.964514, 0.488309
229376, read_async_fadvise, 12, 1.910424, 0.324691
229376, read_async_fadvise, 16, 3.101837, 1.779142
229376, read_async_fadvise, 24, 5.226101, 4.450250
229376, read_async_fadvise, 32, 1.781820, 0.183967
229376, read_async_fadvise, 40, 1.716916, 0.443244
229376, read_async_fadvise, 48, 1.753758, 0.086899
229376, read_async_fadvise, 56, 1.529449, 0.303309
229376, read_async_fadvise, 64, 1.481432, 0.179852
229376, mmap_plain, 0, 1.263705, 0.077914
229376, mmap_direct, 0, 3.884869, 5.349156
229376, mmap_fadvise, 0, 1.155364, 0.191011
24576, read_plain, 4, 10.054034, 11.250935
24576, read_plain, 8, 4.454442, 6.007621
24576, read_plain, 12, 8.099269, 11.957506
24576, read_plain, 16, 0.903334, 0.438088
24576, read_plain, 24, 0.818492, 0.263729
24576, read_direct, 4, 14.336124, 18.660965
24576, read_direct, 8, 2.647216, 3.380153
24576, read_direct, 12, 1.002582, 0.326697
24576, read_direct, 16, 0.866783, 0.130594
24576, read_direct, 24, 0.742350, 0.124846
24576, read_fadvise, 4, 12.710642, 24.941509
24576, read_fadvise, 8, 0.355695, 0.189734
24576, read_fadvise, 12, 0.269435, 0.182903
24576, read_fadvise, 16, 0.293468, 0.124710
24576, read_fadvise, 24, 0.262998, 0.321151
24576, aio_read_direct, 4, 2.136530, 0.290737
24576, aio_read_direct, 8, 3.008839, 3.982890
24576, aio_read_direct, 12, 1.260107, 0.192927
24576, aio_read_direct, 16, 0.667331, 0.072860
24576, aio_read_direct, 24, 0.778584, 0.338581
24576, aio_read_fadvise, 4, 1.024661, 0.161164
24576, aio_read_fadvise, 8, 0.753952, 0.146363
24576, aio_read_fadvise, 12, 0.872747, 0.131652
24576, aio_read_fadvise, 16, 0.935630, 0.144735
24576, aio_read_fadvise, 24, 0.974881, 0.134405
24576, read_async_plain, 4, 1.151462, 0.258285
24576, read_async_plain, 8, 1.302001, 0.583501
24576, read_async_plain, 12, 0.999185, 0.126874
24576, read_async_plain, 16, 0.991323, 0.101016
24576, read_async_plain, 24, 0.784028, 0.367620
24576, read_async_direct, 4, 1.113239, 0.102805
24576, read_async_direct, 8, 0.767317, 0.053070
24576, read_async_direct, 12, 0.805577, 0.307896
24576, read_async_direct, 16, 1.168313, 0.203077
24576, read_async_direct, 24, 0.801270, 0.068984
24576, read_async_fadvise, 4, 1.253931, 0.220560
24576, read_async_fadvise, 8, 1.291255, 0.602860
24576, read_async_fadvise, 12, 0.741632, 0.115131
24576, read_async_fadvise, 16, 3.423830, 3.421704
24576, read_async_fadvise, 24, 0.963149, 0.404208
24576, mmap_plain, 0, 0.343809, 0.205396
24576, mmap_direct, 0, 0.347503, 0.053259
24576, mmap_fadvise, 0, 0.316759, 0.011224
262144, read_plain, 4, 3.472241, 3.514277
262144, read_plain, 8, 1.714527, 0.077377
262144, read_plain, 12, 1.212010, 0.141153
262144, read_plain, 16, 1.285789, 0.509869
262144, read_plain, 24, 1.286440, 0.113052
262144, read_plain, 32, 4.326379, 5.901725
262144, read_plain, 40, 3.001583, 3.762537
262144, read_plain, 48, 1.664662, 0.322746
262144, read_plain, 56, 1.791125, 0.218614
262144, read_plain, 64, 1.920786, 0.332851
262144, read_plain, 256, 1.583952, 0.096232
262144, read_direct, 4, 6.479072, 3.880118
262144, read_direct, 8, 3.420216, 0.142009
262144, read_direct, 12, 4.493672, 2.124870
262144, read_direct, 16, 2.870600, 0.457467
262144, read_direct, 24, 2.235110, 0.193714
262144, read_direct, 32, 2.321068, 0.300215
262144, read_direct, 40, 2.753289, 0.177796
262144, read_direct, 48, 4.422301, 3.158365
262144, read_direct, 56, 4.072143, 3.407908
262144, read_direct, 64, 5.456468, 4.147930
262144, read_direct, 256, 1.684393, 0.128784
262144, read_fadvise, 4, 1.206775, 0.135454
262144, read_fadvise, 8, 1.514004, 0.302743
262144, read_fadvise, 12, 1.396172, 0.053267
262144, read_fadvise, 16, 3.331558, 3.461992
262144, read_fadvise, 24, 1.650278, 0.119081
262144, read_fadvise, 32, 1.956176, 0.236797
262144, read_fadvise, 40, 1.767487, 0.138838
262144, read_fadvise, 48, 1.698815, 0.175801
262144, read_fadvise, 56, 1.780614, 0.177908
262144, read_fadvise, 64, 3.610425, 3.416164
262144, read_fadvise, 256, 1.534620, 0.160502
262144, aio_read_direct, 4, 8.579205, 4.296598
262144, aio_read_direct, 8, 6.927318, 3.968129
262144, aio_read_direct, 12, 4.684573, 0.908997
262144, aio_read_direct, 16, 4.340448, 0.597996
262144, aio_read_direct, 24, 3.295703, 0.390047
262144, aio_read_direct, 32, 5.499800, 4.802993
262144, aio_read_direct, 40, 2.648722, 0.084041
262144, aio_read_direct, 48, 2.420735, 0.172936
262144, aio_read_direct, 56, 2.601198, 0.367125
262144, aio_read_direct, 64, 2.435096, 0.178492
262144, aio_read_direct, 256, 1.648544, 0.141230
262144, aio_read_fadvise, 4, 2.092615, 0.314486
262144, aio_read_fadvise, 8, 1.632534, 0.205521
262144, aio_read_fadvise, 12, 1.577887, 0.187413
262144, aio_read_fadvise, 16, 1.556447, 0.323508
262144, aio_read_fadvise, 24, 1.694910, 0.207555
262144, aio_read_fadvise, 32, 1.859031, 0.413011
262144, aio_read_fadvise, 40, 1.930710, 0.316555
262144, aio_read_fadvise, 48, 2.217654, 0.160154
262144, aio_read_fadvise, 56, 1.721090, 0.117472
262144, aio_read_fadvise, 64, 1.424585, 0.123505
262144, aio_read_fadvise, 256, 1.633422, 0.371870
262144, read_async_plain, 4, 3.577745, 3.194514
262144, read_async_plain, 8, 1.845958, 0.810622
262144, read_async_plain, 12, 1.796704, 0.471680
262144, read_async_plain, 16, 1.716959, 0.372206
262144, read_async_plain, 24, 3.320776, 3.340800
262144, read_async_plain, 32, 1.219503, 0.117143
262144, read_async_plain, 40, 2.921979, 3.289886
262144, read_async_plain, 48, 1.746991, 0.347906
262144, read_async_plain, 56, 2.045979, 0.542938
262144, read_async_plain, 64, 1.953807, 0.197443
262144, read_async_plain, 256, 3.562820, 3.544445
262144, read_async_direct, 4, 5.341640, 0.958204
262144, read_async_direct, 8, 3.346021, 0.622344
262144, read_async_direct, 12, 3.204162, 0.397354
262144, read_async_direct, 16, 2.479220, 0.221753
262144, read_async_direct, 24, 2.885870, 0.373281
262144, read_async_direct, 32, 2.365922, 0.446324
262144, read_async_direct, 40, 3.731488, 3.172682
262144, read_async_direct, 48, 4.632994, 3.635219
262144, read_async_direct, 56, 5.751291, 4.026400
262144, read_async_direct, 64, 2.199662, 0.103950
262144, read_async_direct, 256, 2.116519, 0.595107
262144, read_async_fadvise, 4, 1.845020, 0.226076
262144, read_async_fadvise, 8, 1.953640, 0.294416
262144, read_async_fadvise, 12, 1.955971, 0.235852
262144, read_async_fadvise, 16, 1.941394, 0.740041
262144, read_async_fadvise, 24, 7.183597, 6.632556
262144, read_async_fadvise, 32, 1.704891, 0.748199
262144, read_async_fadvise, 40, 3.401347, 3.249145
262144, read_async_fadvise, 48, 2.913915, 1.532364
262144, read_async_fadvise, 56, 2.066888, 0.187877
262144, read_async_fadvise, 64, 1.930098, 0.338801
262144, read_async_fadvise, 256, 2.086494, 0.332950
262144, mmap_plain, 0, 1.513300, 0.144202
262144, mmap_direct, 0, 3.084837, 3.239429
262144, mmap_fadvise, 0, 1.393691, 0.230673
2048, mmap_plain, 0, 0.362765, 0.190469
2048, mmap_direct, 0, 0.272799, 0.009697
2048, mmap_fadvise, 0, 0.289086, 0.030593
327680, read_plain, 4, 3.517361, 3.180986
327680, read_plain, 8, 1.981824, 0.054046
327680, read_plain, 12, 1.827155, 0.106845
327680, read_plain, 16, 1.690131, 0.108583
327680, read_plain, 24, 1.690052, 0.227851
327680, read_plain, 32, 1.639507, 0.227209
327680, read_plain, 40, 3.424653, 3.332779
327680, read_plain, 48, 2.860004, 2.219429
327680, read_plain, 56, 1.916636, 0.076320
327680, read_plain, 64, 3.157627, 2.313706
327680, read_plain, 256, 3.673527, 3.297515
327680, read_direct, 4, 5.321910, 0.199624
327680, read_direct, 8, 6.048158, 3.762284
327680, read_direct, 12, 5.370221, 3.463903
327680, read_direct, 16, 3.318939, 0.274297
327680, read_direct, 24, 5.669119, 6.148567
327680, read_direct, 32, 2.601307, 0.324662
327680, read_direct, 40, 2.402529, 0.246185
327680, read_direct, 48, 3.808364, 3.570829
327680, read_direct, 56, 2.184202, 0.165644
327680, read_direct, 64, 3.947104, 3.272633
327680, read_direct, 256, 3.639642, 3.155293
327680, read_fadvise, 4, 1.435345, 0.148689
327680, read_fadvise, 8, 1.374078, 0.205069
327680, read_fadvise, 12, 1.416544, 0.120698
327680, read_fadvise, 16, 1.443654, 0.143251
327680, read_fadvise, 24, 1.508114, 0.151294
327680, read_fadvise, 32, 1.197111, 0.028432
327680, read_fadvise, 40, 3.405302, 3.053241
327680, read_fadvise, 48, 2.287096, 0.136744
327680, read_fadvise, 56, 2.183741, 0.220163
327680, read_fadvise, 64, 2.257170, 0.201700
327680, read_fadvise, 256, 1.866333, 0.122052
327680, aio_read_direct, 4, 6.829372, 0.655554
327680, aio_read_direct, 8, 5.744246, 0.551994
327680, aio_read_direct, 12, 4.420067, 0.485048
327680, aio_read_direct, 16, 5.906751, 5.057011
327680, aio_read_direct, 24, 6.066833, 3.636417
327680, aio_read_direct, 32, 5.443111, 3.716702
327680, aio_read_direct, 40, 3.210385, 0.114675
327680, aio_read_direct, 48, 2.810371, 0.248124
327680, aio_read_direct, 56, 4.417567, 3.571197
327680, aio_read_direct, 64, 2.703705, 0.129248
327680, aio_read_direct, 256, 3.739135, 3.433496
327680, aio_read_fadvise, 4, 3.613958, 2.284973
327680, aio_read_fadvise, 8, 1.820016, 0.359895
327680, aio_read_fadvise, 12, 1.992853, 0.259517
327680, aio_read_fadvise, 16, 4.197722, 3.533328
327680, aio_read_fadvise, 24, 1.815197, 0.041604
327680, aio_read_fadvise, 32, 1.850289, 0.096671
327680, aio_read_fadvise, 40, 1.584933, 0.275210
327680, aio_read_fadvise, 48, 3.420014, 3.398930
327680, aio_read_fadvise, 56, 1.958134, 0.389510
327680, aio_read_fadvise, 64, 2.249408, 0.189033
327680, aio_read_fadvise, 256, 1.842598, 0.182564
327680, read_async_plain, 4, 1.937472, 0.082296
327680, read_async_plain, 8, 1.806940, 0.075724
327680, read_async_plain, 12, 3.732358, 3.101417
327680, read_async_plain, 16, 2.295348, 0.928224
327680, read_async_plain, 24, 5.233728, 4.190179
327680, read_async_plain, 32, 4.126072, 4.016251
327680, read_async_plain, 40, 2.354393, 0.693572
327680, read_async_plain, 48, 3.803494, 3.907666
327680, read_async_plain, 56, 1.883409, 0.051336
327680, read_async_plain, 64, 1.989143, 0.677196
327680, read_async_plain, 256, 2.005477, 0.144439
327680, read_async_direct, 4, 8.139836, 5.558833
327680, read_async_direct, 8, 3.497785, 0.151281
327680, read_async_direct, 12, 3.068049, 0.070998
327680, read_async_direct, 16, 3.006419, 0.275274
327680, read_async_direct, 24, 4.183005, 3.292763
327680, read_async_direct, 32, 6.056146, 4.501180
327680, read_async_direct, 40, 4.788644, 3.405120
327680, read_async_direct, 48, 4.632273, 3.088031
327680, read_async_direct, 56, 2.561522, 0.539410
327680, read_async_direct, 64, 2.141132, 0.123812
327680, read_async_direct, 256, 2.774168, 0.792228
327680, read_async_fadvise, 4, 3.161267, 3.388194
327680, read_async_fadvise, 8, 2.091892, 0.736325
327680, read_async_fadvise, 12, 1.788137, 0.114103
327680, read_async_fadvise, 16, 1.894457, 0.216476
327680, read_async_fadvise, 24, 2.299708, 0.825760
327680, read_async_fadvise, 32, 2.112848, 0.186323
327680, read_async_fadvise, 40, 2.376172, 0.302505
327680, read_async_fadvise, 48, 1.773707, 0.254945
327680, read_async_fadvise, 56, 1.689799, 0.186678
327680, read_async_fadvise, 64, 2.104630, 0.562657
327680, read_async_fadvise, 256, 1.793060, 0.061200
327680, mmap_plain, 0, 1.443685, 0.113158
327680, mmap_direct, 0, 1.460950, 0.135127
327680, mmap_fadvise, 0, 1.637059, 0.103156
32768, read_plain, 4, 0.936157, 0.173369
32768, read_plain, 8, 1.004077, 0.247585
32768, read_plain, 12, 0.877524, 0.113843
32768, read_plain, 16, 0.730593, 0.313345
32768, read_plain, 24, 0.983786, 0.186789
32768, read_plain, 32, 1.019767, 0.182826
32768, read_direct, 4, 1.527609, 0.394514
32768, read_direct, 8, 1.024882, 0.118684
32768, read_direct, 12, 0.699573, 0.227934
32768, read_direct, 16, 0.804318, 0.409750
32768, read_direct, 24, 2.645195, 3.299759
32768, read_direct, 32, 0.759607, 0.118133
32768, read_fadvise, 4, 0.927094, 0.322434
32768, read_fadvise, 8, 0.907312, 0.210877
32768, read_fadvise, 12, 0.179737, 0.158055
32768, read_fadvise, 16, 0.670290, 0.330403
32768, read_fadvise, 24, 0.818298, 0.244235
32768, read_fadvise, 32, 5.393632, 9.368414
32768, aio_read_direct, 4, 2.209740, 0.586352
32768, aio_read_direct, 8, 1.109041, 0.254704
32768, aio_read_direct, 12, 0.811752, 0.041786
32768, aio_read_direct, 16, 0.848466, 0.024918
32768, aio_read_direct, 24, 0.692067, 0.145005
32768, aio_read_direct, 32, 0.560563, 0.077026
32768, aio_read_fadvise, 4, 0.859611, 0.080722
32768, aio_read_fadvise, 8, 1.845498, 2.629644
32768, aio_read_fadvise, 12, 0.232247, 0.166068
32768, aio_read_fadvise, 16, 0.479306, 0.109351
32768, aio_read_fadvise, 24, 0.199445, 0.132712
32768, aio_read_fadvise, 32, 0.443144, 0.250382
32768, read_async_plain, 4, 0.464141, 0.150684
32768, read_async_plain, 8, 1.245052, 0.674710
32768, read_async_plain, 12, 2.809005, 3.214677
32768, read_async_plain, 16, 0.981584, 0.558184
32768, read_async_plain, 24, 0.749452, 0.034682
32768, read_async_plain, 32, 1.045265, 0.161964
32768, read_async_direct, 4, 2.112266, 0.494470
32768, read_async_direct, 8, 1.079917, 0.161350
32768, read_async_direct, 12, 0.970952, 0.131998
32768, read_async_direct, 16, 0.772822, 0.212168
32768, read_async_direct, 24, 0.740478, 0.223956
32768, read_async_direct, 32, 0.542232, 0.095548
32768, read_async_fadvise, 4, 2.348495, 3.281318
32768, read_async_fadvise, 8, 0.408290, 0.246423
32768, read_async_fadvise, 12, 0.736237, 0.420601
32768, read_async_fadvise, 16, 1.273369, 0.597863
32768, read_async_fadvise, 24, 0.831965, 0.247142
32768, read_async_fadvise, 32, 2.863590, 3.048042
32768, mmap_plain, 0, 0.332844, 0.396594
32768, mmap_direct, 0, 0.298703, 0.132702
32768, mmap_fadvise, 0, 0.483833, 0.125942
393216, read_plain, 4, 1.892906, 0.024293
393216, read_plain, 8, 5.339416, 4.052732
393216, read_plain, 12, 2.073825, 0.145753
393216, read_plain, 16, 1.911954, 0.041313
393216, read_plain, 24, 1.623288, 0.246882
393216, read_plain, 32, 2.877349, 2.057557
393216, read_plain, 40, 1.695027, 0.120854
393216, read_plain, 48, 2.192680, 0.262422
393216, read_plain, 56, 1.922439, 0.095326
393216, read_plain, 64, 1.958439, 0.227843
393216, read_plain, 256, 2.425148, 0.286480
393216, read_direct, 4, 6.229762, 0.438874
393216, read_direct, 8, 4.421113, 0.214656
393216, read_direct, 12, 6.683073, 5.735966
393216, read_direct, 16, 3.732401, 0.573835
393216, read_direct, 24, 4.556167, 3.728304
393216, read_direct, 32, 5.077432, 4.251016
393216, read_direct, 40, 5.375781, 3.419655
393216, read_direct, 48, 3.181539, 0.229849
393216, read_direct, 56, 4.415175, 3.380704
393216, read_direct, 64, 2.623601, 0.134429
393216, read_direct, 256, 1.820650, 0.034790
393216, read_fadvise, 4, 1.590009, 0.053602
393216, read_fadvise, 8, 1.694726, 0.309976
393216, read_fadvise, 12, 1.590040, 0.181546
393216, read_fadvise, 16, 1.927228, 0.367694
393216, read_fadvise, 24, 2.027096, 0.408902
393216, read_fadvise, 32, 1.726944, 0.256503
393216, read_fadvise, 40, 1.807708, 0.070494
393216, read_fadvise, 48, 1.737774, 0.128351
393216, read_fadvise, 56, 1.767271, 0.134339
393216, read_fadvise, 64, 1.888763, 0.223737
393216, read_fadvise, 256, 1.795543, 0.279320
393216, aio_read_direct, 4, 9.065847, 4.143255
393216, aio_read_direct, 8, 7.965611, 4.894343
393216, aio_read_direct, 12, 6.874945, 4.884939
393216, aio_read_direct, 16, 4.180938, 0.502303
393216, aio_read_direct, 24, 4.296321, 0.180844
393216, aio_read_direct, 32, 3.486987, 0.265638
393216, aio_read_direct, 40, 3.480315, 0.266475
393216, aio_read_direct, 48, 4.614651, 3.344022
393216, aio_read_direct, 56, 2.997605, 0.324588
393216, aio_read_direct, 64, 3.014165, 0.165901
393216, aio_read_direct, 256, 2.123005, 0.359580
393216, aio_read_fadvise, 4, 2.744196, 0.279732
393216, aio_read_fadvise, 8, 1.961029, 0.239134
393216, aio_read_fadvise, 12, 2.472508, 0.303508
393216, aio_read_fadvise, 16, 1.815584, 0.212535
393216, aio_read_fadvise, 24, 2.409356, 0.158752
393216, aio_read_fadvise, 32, 3.879925, 3.555694
393216, aio_read_fadvise, 40, 1.968437, 0.410424
393216, aio_read_fadvise, 48, 1.933315, 0.096751
393216, aio_read_fadvise, 56, 1.972364, 0.257346
393216, aio_read_fadvise, 64, 2.216557, 0.120859
393216, aio_read_fadvise, 256, 1.963263, 0.205790
393216, read_async_plain, 4, 1.824585, 0.144287
393216, read_async_plain, 8, 1.819505, 0.139063
393216, read_async_plain, 12, 1.889365, 0.338544
393216, read_async_plain, 16, 2.319621, 0.567070
393216, read_async_plain, 24, 2.962217, 1.147420
393216, read_async_plain, 32, 3.524567, 3.726069
393216, read_async_plain, 40, 2.417125, 0.563546
393216, read_async_plain, 48, 4.000503, 3.111824
393216, read_async_plain, 56, 1.880296, 0.199922
393216, read_async_plain, 64, 1.698568, 0.107673
393216, read_async_plain, 256, 2.371526, 0.072474
393216, read_async_direct, 4, 5.546431, 0.144129
393216, read_async_direct, 8, 3.837099, 0.255135
393216, read_async_direct, 12, 6.960058, 3.808927
393216, read_async_direct, 16, 2.896843, 0.139935
393216, read_async_direct, 24, 5.354799, 4.539191
393216, read_async_direct, 32, 3.158354, 0.802927
393216, read_async_direct, 40, 2.812425, 0.172041
393216, read_async_direct, 48, 2.546707, 0.118689
393216, read_async_direct, 56, 2.537060, 0.116560
393216, read_async_direct, 64, 4.315181, 3.311610
393216, read_async_direct, 256, 4.373955, 3.850237
393216, read_async_fadvise, 4, 2.092429, 0.322052
393216, read_async_fadvise, 8, 2.067351, 0.097902
393216, read_async_fadvise, 12, 1.811270, 0.184349
393216, read_async_fadvise, 16, 1.757019, 0.098997
393216, read_async_fadvise, 24, 2.118071, 0.775113
393216, read_async_fadvise, 32, 1.620840, 0.031190
393216, read_async_fadvise, 40, 1.684277, 0.153738
393216, read_async_fadvise, 48, 1.807616, 0.010897
393216, read_async_fadvise, 56, 1.782826, 0.028923
393216, read_async_fadvise, 64, 1.849765, 0.072036
393216, read_async_fadvise, 256, 2.519041, 0.478397
393216, mmap_plain, 0, 1.714529, 0.154552
393216, mmap_direct, 0, 1.653824, 0.031572
393216, mmap_fadvise, 0, 1.797847, 0.097057
40960, read_plain, 4, 0.957029, 0.268851
40960, read_plain, 8, 2.334327, 3.273611
40960, read_plain, 12, 2.104125, 3.497253
40960, read_plain, 16, 0.604244, 0.317267
40960, read_plain, 24, 0.568199, 0.130196
40960, read_plain, 32, 5.858517, 10.209699
40960, read_plain, 40, 0.765428, 0.061559
40960, read_direct, 4, 2.204827, 0.198652
40960, read_direct, 8, 1.273349, 0.263236
40960, read_direct, 12, 1.153117, 0.318541
40960, read_direct, 16, 1.125013, 0.140585
40960, read_direct, 24, 0.618328, 0.075905
40960, read_direct, 32, 0.664090, 0.193313
40960, read_direct, 40, 1.088046, 0.347794
40960, read_fadvise, 4, 1.171475, 0.425350
40960, read_fadvise, 8, 1.097388, 0.250007
40960, read_fadvise, 12, 1.009801, 0.110185
40960, read_fadvise, 16, 0.954468, 0.159453
40960, read_fadvise, 24, 0.457752, 0.101897
40960, read_fadvise, 32, 0.459180, 0.062280
40960, read_fadvise, 40, 0.307171, 0.216816
40960, aio_read_direct, 4, 1.729197, 0.161595
40960, aio_read_direct, 8, 1.411055, 0.298845
40960, aio_read_direct, 12, 1.604999, 0.271691
40960, aio_read_direct, 16, 4.650149, 4.129159
40960, aio_read_direct, 24, 1.137108, 0.189083
40960, aio_read_direct, 32, 0.784052, 0.158159
40960, aio_read_direct, 40, 0.550976, 0.089124
40960, aio_read_fadvise, 4, 0.913377, 0.257230
40960, aio_read_fadvise, 8, 0.564443, 0.266042
40960, aio_read_fadvise, 12, 7.341463, 8.970965
40960, aio_read_fadvise, 16, 0.975350, 0.348938
40960, aio_read_fadvise, 24, 1.000596, 0.207319
40960, aio_read_fadvise, 32, 0.434341, 0.262157
40960, aio_read_fadvise, 40, 0.291585, 0.158184
40960, read_async_plain, 4, 1.070569, 1.007238
40960, read_async_plain, 8, 0.825662, 0.367367
40960, read_async_plain, 12, 1.623821, 1.277823
40960, read_async_plain, 16, 0.831914, 0.103505
40960, read_async_plain, 24, 1.001155, 0.432769
40960, read_async_plain, 32, 0.716959, 0.133790
40960, read_async_plain, 40, 0.944416, 0.244811
40960, read_async_direct, 4, 4.002923, 3.572837
40960, read_async_direct, 8, 1.928513, 0.504975
40960, read_async_direct, 12, 1.270583, 0.419560
40960, read_async_direct, 16, 0.821992, 0.141815
40960, read_async_direct, 24, 0.736294, 0.082688
40960, read_async_direct, 32, 1.365021, 0.466817
40960, read_async_direct, 40, 1.069882, 0.240568
40960, read_async_fadvise, 4, 1.052175, 0.163868
40960, read_async_fadvise, 8, 2.747291, 3.321935
40960, read_async_fadvise, 12, 0.687277, 0.402180
40960, read_async_fadvise, 16, 1.076169, 0.112600
40960, read_async_fadvise, 24, 0.926799, 0.362854
40960, read_async_fadvise, 32, 2.633940, 3.343382
40960, read_async_fadvise, 40, 0.999139, 0.613777
40960, mmap_plain, 0, 1.808161, 2.721854
40960, mmap_direct, 0, 0.458257, 0.100471
40960, mmap_fadvise, 0, 0.449465, 0.101146
458752, read_plain, 4, 2.200144, 0.123470
458752, read_plain, 8, 2.128912, 0.071571
458752, read_plain, 12, 2.013063, 0.082521
458752, read_plain, 16, 2.047950, 0.271899
458752, read_plain, 24, 3.514157, 3.592917
458752, read_plain, 32, 1.689807, 0.085799
458752, read_plain, 40, 3.465348, 3.627173
458752, read_plain, 48, 1.773954, 0.179742
458752, read_plain, 56, 3.508228, 3.485787
458752, read_plain, 64, 1.876143, 0.129709
458752, read_plain, 256, 2.132697, 0.353595
458752, read_direct, 4, 5.977195, 0.098653
458752, read_direct, 8, 4.012400, 0.198157
458752, read_direct, 12, 3.806516, 0.265008
458752, read_direct, 16, 4.181266, 0.311126
458752, read_direct, 24, 3.219598, 0.235590
458752, read_direct, 32, 3.077200, 0.356913
458752, read_direct, 40, 3.488480, 0.405092
458752, read_direct, 48, 2.885132, 0.327172
458752, read_direct, 56, 2.731392, 0.140451
458752, read_direct, 64, 6.037249, 4.390412
458752, read_direct, 256, 1.993302, 0.050253
458752, read_fadvise, 4, 2.568985, 0.069468
458752, read_fadvise, 8, 2.046694, 0.162026
458752, read_fadvise, 12, 4.024429, 3.616577
458752, read_fadvise, 16, 5.807592, 4.426250
458752, read_fadvise, 24, 2.054711, 0.096945
458752, read_fadvise, 32, 1.865889, 0.213548
458752, read_fadvise, 40, 2.269937, 0.358385
458752, read_fadvise, 48, 2.233310, 0.033667
458752, read_fadvise, 56, 2.334609, 0.631056
458752, read_fadvise, 64, 1.872405, 0.102467
458752, read_fadvise, 256, 1.534725, 0.049209
458752, aio_read_direct, 4, 8.291946, 0.294780
458752, aio_read_direct, 8, 8.137252, 3.585457
458752, aio_read_direct, 12, 6.106382, 0.619829
458752, aio_read_direct, 16, 4.836329, 0.697919
458752, aio_read_direct, 24, 5.257313, 0.571448
458752, aio_read_direct, 32, 4.700472, 0.495696
458752, aio_read_direct, 40, 4.457012, 0.313223
458752, aio_read_direct, 48, 6.123291, 3.445618
458752, aio_read_direct, 56, 4.099279, 0.128411
458752, aio_read_direct, 64, 3.824237, 0.302211
458752, aio_read_direct, 256, 2.684613, 0.206747
458752, aio_read_fadvise, 4, 4.743786, 3.352130
458752, aio_read_fadvise, 8, 2.691519, 0.135990
458752, aio_read_fadvise, 12, 2.595297, 0.518102
458752, aio_read_fadvise, 16, 2.428363, 0.128700
458752, aio_read_fadvise, 24, 2.603710, 0.430204
458752, aio_read_fadvise, 32, 2.280441, 0.180627
458752, aio_read_fadvise, 40, 4.543719, 3.717023
458752, aio_read_fadvise, 48, 2.596594, 0.369215
458752, aio_read_fadvise, 56, 2.437983, 0.513121
458752, aio_read_fadvise, 64, 3.353141, 0.996983
458752, aio_read_fadvise, 256, 2.616989, 0.476233
458752, read_async_plain, 4, 2.438505, 0.194658
458752, read_async_plain, 8, 2.105257, 0.103353
458752, read_async_plain, 12, 1.978425, 0.144381
458752, read_async_plain, 16, 2.318696, 0.288707
458752, read_async_plain, 24, 2.668283, 0.205559
458752, read_async_plain, 32, 2.149135, 0.132167
458752, read_async_plain, 40, 2.597725, 0.587379
458752, read_async_plain, 48, 1.989575, 0.160324
458752, read_async_plain, 56, 1.970585, 0.161524
458752, read_async_plain, 64, 1.849594, 0.178564
458752, read_async_plain, 256, 1.858370, 0.204861
458752, read_async_direct, 4, 6.301994, 0.099437
458752, read_async_direct, 8, 4.446369, 0.311496
458752, read_async_direct, 12, 4.136584, 0.391642
458752, read_async_direct, 16, 4.419613, 0.335832
458752, read_async_direct, 24, 4.670571, 0.651786
458752, read_async_direct, 32, 3.394425, 0.395814
458752, read_async_direct, 40, 4.978726, 3.249600
458752, read_async_direct, 48, 3.318296, 0.525646
458752, read_async_direct, 56, 3.239892, 0.433130
458752, read_async_direct, 64, 4.688243, 3.226109
458752, read_async_direct, 256, 2.935449, 0.872343
458752, read_async_fadvise, 4, 2.371882, 0.064996
458752, read_async_fadvise, 8, 2.332951, 0.409001
458752, read_async_fadvise, 12, 1.938014, 0.153240
458752, read_async_fadvise, 16, 2.493185, 0.615237
458752, read_async_fadvise, 24, 5.127202, 3.914974
458752, read_async_fadvise, 32, 1.962012, 0.040365
458752, read_async_fadvise, 40, 2.593196, 1.195815
458752, read_async_fadvise, 48, 1.943059, 0.224896
458752, read_async_fadvise, 56, 1.900285, 0.174739
458752, read_async_fadvise, 64, 1.863682, 0.048076
458752, read_async_fadvise, 256, 4.226620, 3.177692
458752, mmap_plain, 0, 1.744226, 0.161716
458752, mmap_direct, 0, 3.405376, 3.481246
458752, mmap_fadvise, 0, 2.178582, 0.372493
49152, read_plain, 4, 6.306496, 10.327156
49152, read_plain, 8, 0.648714, 0.102705
49152, read_plain, 12, 2.258803, 3.096130
49152, read_plain, 16, 0.945925, 0.187422
49152, read_plain, 24, 0.827014, 0.152285
49152, read_plain, 32, 0.756683, 0.035519
49152, read_plain, 40, 0.910018, 0.150901
49152, read_plain, 48, 0.872968, 0.328817
49152, read_direct, 4, 2.260577, 0.289710
49152, read_direct, 8, 1.627310, 0.082111
49152, read_direct, 12, 1.226485, 0.068440
49152, read_direct, 16, 1.045548, 0.169899
49152, read_direct, 24, 0.897196, 0.059036
49152, read_direct, 32, 2.577674, 3.273717
49152, read_direct, 40, 1.098529, 0.115652
49152, read_direct, 48, 2.437106, 3.199594
49152, read_fadvise, 4, 0.902302, 0.085674
49152, read_fadvise, 8, 1.100933, 0.322547
49152, read_fadvise, 12, 0.869879, 0.146077
49152, read_fadvise, 16, 0.922882, 0.137381
49152, read_fadvise, 24, 0.754394, 0.110905
49152, read_fadvise, 32, 2.569194, 3.200522
49152, read_fadvise, 40, 0.966095, 0.093918
49152, read_fadvise, 48, 0.814554, 0.145073
49152, aio_read_direct, 4, 2.805935, 0.412105
49152, aio_read_direct, 8, 4.986809, 3.568964
49152, aio_read_direct, 12, 1.759223, 0.202646
49152, aio_read_direct, 16, 3.054403, 3.393107
49152, aio_read_direct, 24, 1.108786, 0.158239
49152, aio_read_direct, 32, 1.112921, 0.122159
49152, aio_read_direct, 40, 0.791646, 0.059650
49152, aio_read_direct, 48, 0.578430, 0.105010
49152, aio_read_fadvise, 4, 0.976159, 0.157306
49152, aio_read_fadvise, 8, 0.668483, 0.260525
49152, aio_read_fadvise, 12, 0.745593, 0.231853
49152, aio_read_fadvise, 16, 0.708461, 0.080693
49152, aio_read_fadvise, 24, 0.684305, 0.325632
49152, aio_read_fadvise, 32, 0.676066, 0.220087
49152, aio_read_fadvise, 40, 0.447631, 0.243685
49152, aio_read_fadvise, 48, 0.756151, 0.165080
49152, read_async_plain, 4, 0.698652, 0.111535
49152, read_async_plain, 8, 1.130039, 0.130453
49152, read_async_plain, 12, 1.019886, 0.157914
49152, read_async_plain, 16, 2.751035, 3.088929
49152, read_async_plain, 24, 1.042658, 0.232199
49152, read_async_plain, 32, 2.636548, 3.506823
49152, read_async_plain, 40, 0.884454, 0.056180
49152, read_async_plain, 48, 0.886330, 0.123151
49152, read_async_direct, 4, 1.762620, 0.487271
49152, read_async_direct, 8, 1.428425, 0.323600
49152, read_async_direct, 12, 1.201468, 0.169511
49152, read_async_direct, 16, 0.886332, 0.056522
49152, read_async_direct, 24, 0.672611, 0.043488
49152, read_async_direct, 32, 0.801743, 0.187061
49152, read_async_direct, 40, 1.370370, 0.809560
49152, read_async_direct, 48, 0.969094, 0.081876
49152, read_async_fadvise, 4, 1.298657, 0.251856
49152, read_async_fadvise, 8, 1.101218, 0.242450
49152, read_async_fadvise, 12, 1.191242, 0.355654
49152, read_async_fadvise, 16, 1.201788, 0.323869
49152, read_async_fadvise, 24, 0.978546, 0.152038
49152, read_async_fadvise, 32, 0.766763, 0.131037
49152, read_async_fadvise, 40, 0.766333, 0.023430
49152, read_async_fadvise, 48, 1.126482, 0.058928
49152, mmap_plain, 0, 0.424345, 0.120209
49152, mmap_direct, 0, 0.377191, 0.167091
49152, mmap_fadvise, 0, 1.104168, 1.329577
4096, read_plain, 4, 0.792588, 0.171877
4096, read_direct, 4, 0.770778, 0.128028
4096, read_fadvise, 4, 0.810355, 0.174165
4096, aio_read_direct, 4, 0.755420, 0.194896
4096, aio_read_fadvise, 4, 0.693332, 0.075601
4096, read_async_plain, 4, 0.996977, 0.280115
4096, read_async_direct, 4, 0.570444, 0.237583
4096, read_async_fadvise, 4, 0.445465, 0.083542
4096, mmap_plain, 0, 0.293795, 0.096238
4096, mmap_direct, 0, 0.270513, 0.024392
4096, mmap_fadvise, 0, 0.270714, 0.022312
524288, read_plain, 4, 1.918645, 0.080155
524288, read_plain, 8, 2.005953, 0.055662
524288, read_plain, 12, 2.007347, 0.191077
524288, read_plain, 16, 1.915441, 0.172617
524288, read_plain, 24, 2.098503, 0.073817
524288, read_plain, 32, 2.418692, 0.317642
524288, read_plain, 40, 2.104012, 0.201393
524288, read_plain, 48, 1.937989, 0.270514
524288, read_plain, 56, 7.029797, 5.991211
524288, read_plain, 64, 2.196750, 0.404163
524288, read_plain, 256, 5.890493, 3.943497
524288, read_direct, 4, 9.105713, 3.274324
524288, read_direct, 8, 4.862712, 0.180076
524288, read_direct, 12, 6.927621, 3.398818
524288, read_direct, 16, 6.518323, 3.858170
524288, read_direct, 24, 4.458615, 0.419807
524288, read_direct, 32, 4.241873, 0.238001
524288, read_direct, 40, 9.718591, 4.576003
524288, read_direct, 48, 6.144101, 3.425853
524288, read_direct, 56, 4.218358, 0.423190
524288, read_direct, 64, 6.724784, 7.350523
524288, read_direct, 256, 2.525431, 0.192769
524288, read_fadvise, 4, 3.958967, 3.115205
524288, read_fadvise, 8, 1.921921, 0.229497
524288, read_fadvise, 12, 4.007688, 3.365201
524288, read_fadvise, 16, 2.155169, 0.205241
524288, read_fadvise, 24, 1.773072, 0.136251
524288, read_fadvise, 32, 2.403525, 0.131096
524288, read_fadvise, 40, 2.413946, 0.201370
524288, read_fadvise, 48, 4.198711, 3.193307
524288, read_fadvise, 56, 2.091578, 0.455014
524288, read_fadvise, 64, 3.969954, 3.443778
524288, read_fadvise, 256, 2.046791, 0.137728
524288, aio_read_direct, 4, 8.890605, 0.806228
524288, aio_read_direct, 8, 8.937247, 4.430450
524288, aio_read_direct, 12, 6.764061, 0.686159
524288, aio_read_direct, 16, 5.335427, 0.666107
524288, aio_read_direct, 24, 6.907913, 3.293601
524288, aio_read_direct, 32, 5.761201, 0.445938
524288, aio_read_direct, 40, 4.627972, 0.478630
524288, aio_read_direct, 48, 4.364779, 0.312912
524288, aio_read_direct, 56, 4.687045, 0.614464
524288, aio_read_direct, 64, 3.551747, 0.160511
524288, aio_read_direct, 256, 2.376437, 0.044775
524288, aio_read_fadvise, 4, 3.330024, 0.229414
524288, aio_read_fadvise, 8, 4.906032, 3.708434
524288, aio_read_fadvise, 12, 3.006698, 0.339617
524288, aio_read_fadvise, 16, 2.607489, 0.188286
524288, aio_read_fadvise, 24, 2.269157, 0.219470
524288, aio_read_fadvise, 32, 2.289682, 0.239842
524288, aio_read_fadvise, 40, 2.226513, 0.210563
524288, aio_read_fadvise, 48, 4.513926, 3.632793
524288, aio_read_fadvise, 56, 2.495238, 0.365291
524288, aio_read_fadvise, 64, 2.512132, 0.105850
524288, aio_read_fadvise, 256, 2.925139, 0.549866
524288, read_async_plain, 4, 2.693929, 0.036279
524288, read_async_plain, 8, 2.777655, 0.178976
524288, read_async_plain, 12, 2.638429, 0.236085
524288, read_async_plain, 16, 2.839231, 0.849219
524288, read_async_plain, 24, 2.616376, 0.346493
524288, read_async_plain, 32, 2.541776, 0.113160
524288, read_async_plain, 40, 2.419597, 0.107625
524288, read_async_plain, 48, 2.731031, 0.399493
524288, read_async_plain, 56, 3.097856, 0.503308
524288, read_async_plain, 64, 2.316974, 0.134687
524288, read_async_plain, 256, 4.106761, 2.096604
524288, read_async_direct, 4, 13.313197, 12.934903
524288, read_async_direct, 8, 5.824929, 0.676735
524288, read_async_direct, 12, 5.210310, 0.144938
524288, read_async_direct, 16, 4.943174, 0.328193
524288, read_async_direct, 24, 3.668922, 0.635056
524288, read_async_direct, 32, 3.455232, 0.410163
524288, read_async_direct, 40, 4.050510, 0.223060
524288, read_async_direct, 48, 3.813032, 0.030840
524288, read_async_direct, 56, 6.966426, 4.041317
524288, read_async_direct, 64, 7.548561, 3.736406
524288, read_async_direct, 256, 2.921616, 0.179040
524288, read_async_fadvise, 4, 2.214613, 0.109165
524288, read_async_fadvise, 8, 2.117845, 0.061399
524288, read_async_fadvise, 12, 2.185978, 0.213603
524288, read_async_fadvise, 16, 2.418135, 0.342369
524288, read_async_fadvise, 24, 4.176271, 3.250030
524288, read_async_fadvise, 32, 2.024084, 0.177930
524288, read_async_fadvise, 40, 4.231978, 3.211536
524288, read_async_fadvise, 48, 2.670197, 0.758736
524288, read_async_fadvise, 56, 5.902880, 4.186238
524288, read_async_fadvise, 64, 4.095449, 3.614125
524288, read_async_fadvise, 256, 2.993989, 0.387407
524288, mmap_plain, 0, 2.027017, 0.107638
524288, mmap_direct, 0, 2.182998, 0.351104
524288, mmap_fadvise, 0, 2.381246, 0.174617
57344, read_plain, 4, 2.558753, 3.288027
57344, read_plain, 8, 0.985286, 0.145674
57344, read_plain, 12, 0.763907, 0.185702
57344, read_plain, 16, 1.008721, 0.108275
57344, read_plain, 24, 1.139157, 0.147204
57344, read_plain, 32, 0.951533, 0.057075
57344, read_plain, 40, 0.743008, 0.155850
57344, read_plain, 48, 0.957485, 0.166820
57344, read_plain, 56, 0.533355, 0.088289
57344, read_direct, 4, 1.444853, 0.213480
57344, read_direct, 8, 2.392522, 2.187344
57344, read_direct, 12, 1.047200, 0.066554
57344, read_direct, 16, 0.994920, 0.110020
57344, read_direct, 24, 0.892215, 0.156023
57344, read_direct, 32, 0.622486, 0.043039
57344, read_direct, 40, 0.703381, 0.176825
57344, read_direct, 48, 0.727268, 0.150157
57344, read_direct, 56, 0.600802, 0.096007
57344, read_fadvise, 4, 0.678051, 0.154787
57344, read_fadvise, 8, 0.495940, 0.332389
57344, read_fadvise, 12, 0.579006, 0.569774
57344, read_fadvise, 16, 1.107876, 0.339863
57344, read_fadvise, 24, 0.721263, 0.299779
57344, read_fadvise, 32, 0.356806, 0.181926
57344, read_fadvise, 40, 2.705293, 3.434367
57344, read_fadvise, 48, 0.725106, 0.113664
57344, read_fadvise, 56, 0.657097, 0.313637
57344, aio_read_direct, 4, 3.295170, 0.490921
57344, aio_read_direct, 8, 4.103958, 3.379741
57344, aio_read_direct, 12, 1.736298, 0.419722
57344, aio_read_direct, 16, 1.714556, 0.396026
57344, aio_read_direct, 24, 1.413958, 0.126668
57344, aio_read_direct, 32, 5.809885, 5.978501
57344, aio_read_direct, 40, 2.873400, 3.484493
57344, aio_read_direct, 48, 1.355459, 0.066966
57344, aio_read_direct, 56, 1.109357, 0.108602
57344, aio_read_fadvise, 4, 1.422867, 0.216670
57344, aio_read_fadvise, 8, 1.092384, 0.281184
57344, aio_read_fadvise, 12, 1.204528, 0.316749
57344, aio_read_fadvise, 16, 0.880613, 0.192960
57344, aio_read_fadvise, 24, 0.944947, 0.082367
57344, aio_read_fadvise, 32, 3.566645, 5.282137
57344, aio_read_fadvise, 40, 0.737929, 0.219664
57344, aio_read_fadvise, 48, 0.582267, 0.106008
57344, aio_read_fadvise, 56, 0.431321, 0.044772
57344, read_async_plain, 4, 1.137270, 0.276701
57344, read_async_plain, 8, 1.202390, 0.196848
57344, read_async_plain, 12, 0.953632, 0.192326
57344, read_async_plain, 16, 1.198776, 0.223987
57344, read_async_plain, 24, 5.555085, 6.225080
57344, read_async_plain, 32, 1.704277, 1.015859
57344, read_async_plain, 40, 0.954523, 0.659277
57344, read_async_plain, 48, 1.188564, 0.387667
57344, read_async_plain, 56, 0.778042, 0.318887
57344, read_async_direct, 4, 4.561608, 3.639770
57344, read_async_direct, 8, 1.815957, 0.078834
57344, read_async_direct, 12, 3.768518, 3.850305
57344, read_async_direct, 16, 6.510338, 10.746777
57344, read_async_direct, 24, 1.337350, 0.283272
57344, read_async_direct, 32, 3.015869, 3.380624
57344, read_async_direct, 40, 1.095934, 0.286092
57344, read_async_direct, 48, 1.257040, 0.116826
57344, read_async_direct, 56, 1.036588, 0.282155
57344, read_async_fadvise, 4, 1.026325, 0.268064
57344, read_async_fadvise, 8, 1.091521, 0.055612
57344, read_async_fadvise, 12, 4.065440, 6.109877
57344, read_async_fadvise, 16, 1.104221, 0.598663
57344, read_async_fadvise, 24, 2.631903, 1.787259
57344, read_async_fadvise, 32, 1.343608, 0.402091
57344, read_async_fadvise, 40, 1.046867, 0.096337
57344, read_async_fadvise, 48, 0.721859, 0.313604
57344, read_async_fadvise, 56, 0.626576, 0.259298
57344, mmap_plain, 0, 0.433793, 0.078168
57344, mmap_direct, 0, 0.521059, 0.099742
57344, mmap_fadvise, 0, 0.584634, 0.138048
655360, read_plain, 4, 2.753786, 0.106648
655360, read_plain, 8, 2.347119, 0.305714
655360, read_plain, 12, 2.656698, 0.148882
655360, read_plain, 16, 2.688084, 0.064506
655360, read_plain, 24, 2.786327, 0.104429
655360, read_plain, 32, 2.288114, 0.218245
655360, read_plain, 40, 2.378309, 0.257688
655360, read_plain, 48, 2.289971, 0.270796
655360, read_plain, 56, 2.648324, 0.353258
655360, read_plain, 64, 2.932315, 0.282876
655360, read_plain, 256, 2.928367, 0.057146
655360, read_direct, 4, 9.247497, 0.184524
655360, read_direct, 8, 6.579745, 0.102256
655360, read_direct, 12, 5.050156, 0.116150
655360, read_direct, 16, 4.482610, 0.274353
655360, read_direct, 24, 4.349668, 0.170599
655360, read_direct, 32, 4.967329, 0.217847
655360, read_direct, 40, 4.993095, 0.269613
655360, read_direct, 48, 6.398775, 3.373556
655360, read_direct, 56, 6.323342, 3.134211
655360, read_direct, 64, 5.182008, 0.305523
655360, read_direct, 256, 3.540877, 0.266072
655360, read_fadvise, 4, 2.293060, 0.233304
655360, read_fadvise, 8, 2.171508, 0.191796
655360, read_fadvise, 12, 2.141537, 0.139674
655360, read_fadvise, 16, 2.164488, 0.141966
655360, read_fadvise, 24, 2.133023, 0.113080
655360, read_fadvise, 32, 2.238304, 0.140101
655360, read_fadvise, 40, 2.194829, 0.201526
655360, read_fadvise, 48, 2.885966, 0.410484
655360, read_fadvise, 56, 2.873873, 0.150075
655360, read_fadvise, 64, 2.682749, 0.222906
655360, read_fadvise, 256, 3.153629, 0.109154
655360, aio_read_direct, 4, 11.861347, 0.520731
655360, aio_read_direct, 8, 10.450356, 4.863923
655360, aio_read_direct, 12, 9.326320, 3.245786
655360, aio_read_direct, 16, 6.313124, 0.688279
655360, aio_read_direct, 24, 8.037341, 3.229498
655360, aio_read_direct, 32, 6.177419, 0.671429
655360, aio_read_direct, 40, 5.323090, 1.071335
655360, aio_read_direct, 48, 4.934508, 0.655226
655360, aio_read_direct, 56, 4.829375, 0.853622
655360, aio_read_direct, 64, 4.300709, 0.318253
655360, aio_read_direct, 256, 4.757901, 3.124179
655360, aio_read_fadvise, 4, 3.559159, 0.305651
655360, aio_read_fadvise, 8, 3.154462, 0.150303
655360, aio_read_fadvise, 12, 3.067982, 0.167290
655360, aio_read_fadvise, 16, 2.892261, 0.190440
655360, aio_read_fadvise, 24, 2.836876, 0.082939
655360, aio_read_fadvise, 32, 2.779647, 0.342433
655360, aio_read_fadvise, 40, 4.269827, 3.690482
655360, aio_read_fadvise, 48, 2.804287, 0.251619
655360, aio_read_fadvise, 56, 2.328173, 0.244240
655360, aio_read_fadvise, 64, 2.798462, 0.367344
655360, aio_read_fadvise, 256, 3.180762, 0.775112
655360, read_async_plain, 4, 2.835985, 0.192959
655360, read_async_plain, 8, 2.549611, 0.342071
655360, read_async_plain, 12, 4.256773, 3.207340
655360, read_async_plain, 16, 2.957160, 0.146419
655360, read_async_plain, 24, 3.053589, 0.246785
655360, read_async_plain, 32, 2.445089, 0.127806
655360, read_async_plain, 40, 2.409300, 0.058444
655360, read_async_plain, 48, 5.903187, 4.424995
655360, read_async_plain, 56, 2.737363, 0.264717
655360, read_async_plain, 64, 3.127255, 0.215621
655360, read_async_plain, 256, 6.871917, 7.333860
655360, read_async_direct, 4, 10.854315, 3.040573
655360, read_async_direct, 8, 5.938973, 0.177358
655360, read_async_direct, 12, 5.975701, 0.739157
655360, read_async_direct, 16, 4.643841, 0.426974
655360, read_async_direct, 24, 4.352870, 0.535787
655360, read_async_direct, 32, 4.241997, 0.768964
655360, read_async_direct, 40, 3.904887, 0.487955
655360, read_async_direct, 48, 5.542363, 3.847801
655360, read_async_direct, 56, 5.727117, 3.667395
655360, read_async_direct, 64, 5.295352, 3.374374
655360, read_async_direct, 256, 6.517072, 4.003746
655360, read_async_fadvise, 4, 4.738071, 4.668785
655360, read_async_fadvise, 8, 2.299125, 0.135140
655360, read_async_fadvise, 12, 2.361333, 0.250760
655360, read_async_fadvise, 16, 2.340459, 0.155732
655360, read_async_fadvise, 24, 2.608634, 0.784719
655360, read_async_fadvise, 32, 2.353089, 0.183858
655360, read_async_fadvise, 40, 4.085330, 3.479965
655360, read_async_fadvise, 48, 2.197362, 0.037949
655360, read_async_fadvise, 56, 4.586361, 3.324268
655360, read_async_fadvise, 64, 2.383533, 0.171191
655360, read_async_fadvise, 256, 4.230807, 2.972849
655360, mmap_plain, 0, 2.462047, 0.374238
655360, mmap_direct, 0, 2.399556, 0.152762
655360, mmap_fadvise, 0, 2.458751, 0.134863
65536, read_plain, 4, 1.638292, 0.760346
65536, read_plain, 8, 0.524436, 0.315748
65536, read_plain, 12, 0.737865, 0.089270
65536, read_plain, 16, 0.491919, 0.146238
65536, read_plain, 24, 1.179656, 0.303875
65536, read_plain, 32, 1.149986, 0.255521
65536, read_plain, 40, 1.223534, 0.211128
65536, read_plain, 48, 0.896034, 0.077122
65536, read_plain, 56, 1.013557, 0.206157
65536, read_plain, 64, 2.510271, 3.226524
65536, read_direct, 4, 5.703463, 4.360486
65536, read_direct, 8, 1.781060, 0.069269
65536, read_direct, 12, 1.420621, 0.109870
65536, read_direct, 16, 3.699047, 5.362089
65536, read_direct, 24, 1.574025, 0.317135
65536, read_direct, 32, 1.145224, 0.056295
65536, read_direct, 40, 0.751132, 0.104373
65536, read_direct, 48, 0.636573, 0.086538
65536, read_direct, 56, 0.634126, 0.028505
65536, read_direct, 64, 0.632516, 0.236890
65536, read_fadvise, 4, 1.079972, 0.104054
65536, read_fadvise, 8, 2.475308, 2.835348
65536, read_fadvise, 12, 0.698042, 0.130926
65536, read_fadvise, 16, 1.255418, 0.405332
65536, read_fadvise, 24, 1.044113, 0.272889
65536, read_fadvise, 32, 0.931213, 0.207861
65536, read_fadvise, 40, 1.103920, 0.171169
65536, read_fadvise, 48, 0.989198, 0.287956
65536, read_fadvise, 56, 0.943546, 0.126603
65536, read_fadvise, 64, 0.785163, 0.272528
65536, aio_read_direct, 4, 5.279584, 3.609151
65536, aio_read_direct, 8, 2.331653, 0.200752
65536, aio_read_direct, 12, 3.794757, 3.646987
65536, aio_read_direct, 16, 3.231217, 3.517067
65536, aio_read_direct, 24, 3.242912, 3.466348
65536, aio_read_direct, 32, 2.930015, 3.576169
65536, aio_read_direct, 40, 0.808881, 0.125464
65536, aio_read_direct, 48, 0.780511, 0.050697
65536, aio_read_direct, 56, 0.881711, 0.382441
65536, aio_read_direct, 64, 0.791404, 0.242087
65536, aio_read_fadvise, 4, 0.787939, 0.314847
65536, aio_read_fadvise, 8, 0.460000, 0.360927
65536, aio_read_fadvise, 12, 0.781423, 0.070471
65536, aio_read_fadvise, 16, 0.706917, 0.357105
65536, aio_read_fadvise, 24, 0.637221, 0.304966
65536, aio_read_fadvise, 32, 0.688289, 0.076981
65536, aio_read_fadvise, 40, 0.668389, 0.206757
65536, aio_read_fadvise, 48, 0.663590, 0.081817
65536, aio_read_fadvise, 56, 0.672398, 0.207482
65536, aio_read_fadvise, 64, 0.473151, 0.269733
65536, read_async_plain, 4, 0.613270, 0.165324
65536, read_async_plain, 8, 0.997107, 0.362383
65536, read_async_plain, 12, 2.447118, 3.336394
65536, read_async_plain, 16, 2.864133, 4.221819
65536, read_async_plain, 24, 0.720847, 0.083084
65536, read_async_plain, 32, 1.709507, 1.291727
65536, read_async_plain, 40, 0.848346, 0.274268
65536, read_async_plain, 48, 1.071999, 0.152415
65536, read_async_plain, 56, 1.207109, 0.264923
65536, read_async_plain, 64, 0.983398, 0.111530
65536, read_async_direct, 4, 1.663160, 0.181388
65536, read_async_direct, 8, 1.957418, 0.798127
65536, read_async_direct, 12, 3.727594, 4.076112
65536, read_async_direct, 16, 3.010370, 3.128728
65536, read_async_direct, 24, 1.322097, 0.125326
65536, read_async_direct, 32, 1.433643, 0.781477
65536, read_async_direct, 40, 1.085302, 0.262212
65536, read_async_direct, 48, 0.840880, 0.081528
65536, read_async_direct, 56, 0.793695, 0.072002
65536, read_async_direct, 64, 0.894589, 0.359865
65536, read_async_fadvise, 4, 0.757379, 0.097693
65536, read_async_fadvise, 8, 0.754592, 0.169151
65536, read_async_fadvise, 12, 1.181620, 0.558760
65536, read_async_fadvise, 16, 0.723245, 0.165502
65536, read_async_fadvise, 24, 1.035045, 0.792320
65536, read_async_fadvise, 32, 0.654093, 0.179704
65536, read_async_fadvise, 40, 0.721474, 0.167531
65536, read_async_fadvise, 48, 0.707636, 0.182987
65536, read_async_fadvise, 56, 0.845277, 0.593297
65536, read_async_fadvise, 64, 0.672663, 0.116095
65536, mmap_plain, 0, 0.491503, 0.041023
65536, mmap_direct, 0, 0.520062, 0.039391
65536, mmap_fadvise, 0, 0.646321, 0.100501
786432, read_plain, 4, 3.333775, 0.149632
786432, read_plain, 8, 3.225830, 0.104142
786432, read_plain, 12, 3.030289, 0.170271
786432, read_plain, 16, 3.348604, 0.539735
786432, read_plain, 24, 3.001534, 0.064393
786432, read_plain, 32, 2.556032, 0.064889
786432, read_plain, 40, 2.696955, 0.181673
786432, read_plain, 48, 2.519654, 0.137182
786432, read_plain, 56, 2.474422, 0.185244
786432, read_plain, 64, 2.431604, 0.103790
786432, read_plain, 256, 6.289349, 4.379937
786432, read_direct, 4, 10.124823, 0.401011
786432, read_direct, 8, 7.737432, 0.520291
786432, read_direct, 12, 6.727186, 0.612247
786432, read_direct, 16, 6.251423, 0.431540
786432, read_direct, 24, 6.134566, 0.115457
786432, read_direct, 32, 7.782846, 6.223181
786432, read_direct, 40, 7.239581, 3.357783
786432, read_direct, 48, 5.516100, 0.255263
786432, read_direct, 56, 6.483337, 3.136964
786432, read_direct, 64, 5.046233, 0.364653
786432, read_direct, 256, 6.820890, 3.917615
786432, read_fadvise, 4, 3.100898, 0.067401
786432, read_fadvise, 8, 2.854992, 0.266457
786432, read_fadvise, 12, 3.113397, 0.072793
786432, read_fadvise, 16, 2.471352, 0.128827
786432, read_fadvise, 24, 2.393701, 0.215450
786432, read_fadvise, 32, 4.525949, 4.044193
786432, read_fadvise, 40, 4.152490, 3.673225
786432, read_fadvise, 48, 2.446594, 0.175947
786432, read_fadvise, 56, 2.315634, 0.032918
786432, read_fadvise, 64, 2.600463, 0.360680
786432, read_fadvise, 256, 2.919775, 0.114885
786432, aio_read_direct, 4, 14.455195, 4.097385
786432, aio_read_direct, 8, 8.684467, 0.710243
786432, aio_read_direct, 12, 7.853855, 1.265117
786432, aio_read_direct, 16, 10.305554, 5.650539
786432, aio_read_direct, 24, 14.965706, 5.661350
786432, aio_read_direct, 32, 11.301534, 6.119846
786432, aio_read_direct, 40, 10.102889, 5.044950
786432, aio_read_direct, 48, 10.482437, 5.997428
786432, aio_read_direct, 56, 6.535218, 0.540404
786432, aio_read_direct, 64, 8.358027, 3.969980
786432, aio_read_direct, 256, 5.594544, 3.509256
786432, aio_read_fadvise, 4, 4.115569, 0.713227
786432, aio_read_fadvise, 8, 3.112576, 0.149335
786432, aio_read_fadvise, 12, 3.002430, 0.192320
786432, aio_read_fadvise, 16, 3.294201, 0.367630
786432, aio_read_fadvise, 24, 5.978103, 3.357276
786432, aio_read_fadvise, 32, 2.682086, 0.245813
786432, aio_read_fadvise, 40, 4.563942, 3.239843
786432, aio_read_fadvise, 48, 6.415186, 4.675534
786432, aio_read_fadvise, 56, 5.184771, 3.575416
786432, aio_read_fadvise, 64, 5.101249, 3.750517
786432, aio_read_fadvise, 256, 3.305937, 0.204000
786432, read_async_plain, 4, 3.228144, 0.576430
786432, read_async_plain, 8, 2.906983, 0.345910
786432, read_async_plain, 12, 3.096264, 0.798961
786432, read_async_plain, 16, 2.793932, 0.333785
786432, read_async_plain, 24, 4.367251, 3.464347
786432, read_async_plain, 32, 2.789363, 0.206402
786432, read_async_plain, 40, 4.901517, 4.609198
786432, read_async_plain, 48, 2.772057, 0.137147
786432, read_async_plain, 56, 2.661985, 0.179950
786432, read_async_plain, 64, 2.745905, 0.157361
786432, read_async_plain, 256, 4.493506, 3.253765
786432, read_async_direct, 4, 9.437778, 0.215856
786432, read_async_direct, 8, 6.412358, 0.099326
786432, read_async_direct, 12, 5.844474, 0.537636
786432, read_async_direct, 16, 5.375481, 0.667112
786432, read_async_direct, 24, 7.098835, 3.645631
786432, read_async_direct, 32, 4.718113, 0.269634
786432, read_async_direct, 40, 5.950006, 0.611927
786432, read_async_direct, 48, 4.307771, 0.212744
786432, read_async_direct, 56, 4.347117, 0.316711
786432, read_async_direct, 64, 4.819959, 0.591770
786432, read_async_direct, 256, 5.549201, 3.427591
786432, read_async_fadvise, 4, 3.427052, 0.199316
786432, read_async_fadvise, 8, 3.095342, 0.105020
786432, read_async_fadvise, 12, 3.510275, 0.359894
786432, read_async_fadvise, 16, 4.623821, 3.112816
786432, read_async_fadvise, 24, 2.549858, 0.256894
786432, read_async_fadvise, 32, 2.495017, 0.222165
786432, read_async_fadvise, 40, 2.905198, 0.357054
786432, read_async_fadvise, 48, 3.131287, 0.221819
786432, read_async_fadvise, 56, 5.906349, 4.300455
786432, read_async_fadvise, 64, 4.582978, 3.484076
786432, read_async_fadvise, 256, 6.632701, 3.737141
786432, mmap_plain, 0, 2.772254, 0.126063
786432, mmap_direct, 0, 2.761716, 0.245565
786432, mmap_fadvise, 0, 2.700378, 0.082906
81920, read_plain, 4, 1.214494, 0.095835
81920, read_plain, 8, 1.103588, 0.089609
81920, read_plain, 12, 0.640560, 0.488131
81920, read_plain, 16, 0.984615, 0.486459
81920, read_plain, 24, 2.377715, 3.227908
81920, read_plain, 32, 0.836822, 0.147125
81920, read_plain, 40, 0.960350, 0.334712
81920, read_plain, 48, 1.046808, 0.111622
81920, read_plain, 56, 1.141263, 0.381120
81920, read_plain, 64, 4.296557, 6.543023
81920, read_direct, 4, 2.550243, 0.309523
81920, read_direct, 8, 3.809669, 3.183466
81920, read_direct, 12, 1.362002, 0.117462
81920, read_direct, 16, 1.195628, 0.095037
81920, read_direct, 24, 1.226732, 0.352769
81920, read_direct, 32, 0.963270, 0.135129
81920, read_direct, 40, 0.756277, 0.195115
81920, read_direct, 48, 0.644801, 0.047791
81920, read_direct, 56, 0.786759, 0.182562
81920, read_direct, 64, 0.756741, 0.053502
81920, read_fadvise, 4, 0.758619, 0.150310
81920, read_fadvise, 8, 1.086821, 0.219150
81920, read_fadvise, 12, 1.109528, 0.188601
81920, read_fadvise, 16, 0.876837, 0.092214
81920, read_fadvise, 24, 1.178831, 0.212878
81920, read_fadvise, 32, 2.674400, 3.340308
81920, read_fadvise, 40, 0.713493, 0.017791
81920, read_fadvise, 48, 0.741721, 0.084940
81920, read_fadvise, 56, 0.881789, 0.235923
81920, read_fadvise, 64, 1.017354, 0.138968
81920, aio_read_direct, 4, 3.754655, 0.792797
81920, aio_read_direct, 8, 2.636519, 0.395096
81920, aio_read_direct, 12, 2.243476, 0.083868
81920, aio_read_direct, 16, 1.729212, 0.591023
81920, aio_read_direct, 24, 1.498176, 0.057611
81920, aio_read_direct, 32, 2.756723, 3.211570
81920, aio_read_direct, 40, 0.859454, 0.113329
81920, aio_read_direct, 48, 0.877566, 0.100384
81920, aio_read_direct, 56, 0.894750, 0.118083
81920, aio_read_direct, 64, 0.846251, 0.086624
81920, aio_read_fadvise, 4, 1.270635, 0.135393
81920, aio_read_fadvise, 8, 1.099000, 0.172909
81920, aio_read_fadvise, 12, 0.913867, 0.113038
81920, aio_read_fadvise, 16, 0.816425, 0.188438
81920, aio_read_fadvise, 24, 1.161684, 0.149921
81920, aio_read_fadvise, 32, 4.628777, 4.347924
81920, aio_read_fadvise, 40, 1.031524, 0.044187
81920, aio_read_fadvise, 48, 2.591359, 3.184242
81920, aio_read_fadvise, 56, 0.905059, 0.078390
81920, aio_read_fadvise, 64, 0.848938, 0.035341
81920, read_async_plain, 4, 2.724487, 3.176334
81920, read_async_plain, 8, 3.298656, 3.142522
81920, read_async_plain, 12, 1.596717, 1.122652
81920, read_async_plain, 16, 1.233948, 0.645242
81920, read_async_plain, 24, 0.629889, 0.348448
81920, read_async_plain, 32, 1.576894, 0.465835
81920, read_async_plain, 40, 1.268070, 0.203005
81920, read_async_plain, 48, 1.161500, 0.680119
81920, read_async_plain, 56, 3.273852, 3.059398
81920, read_async_plain, 64, 1.300046, 0.456997
81920, read_async_direct, 4, 2.702394, 0.621264
81920, read_async_direct, 8, 3.189128, 2.013051
81920, read_async_direct, 12, 1.518989, 0.115723
81920, read_async_direct, 16, 1.587635, 0.283553
81920, read_async_direct, 24, 2.023977, 0.764029
81920, read_async_direct, 32, 1.048994, 0.124180
81920, read_async_direct, 40, 2.670903, 3.280940
81920, read_async_direct, 48, 6.336845, 3.828612
81920, read_async_direct, 56, 3.040687, 3.400955
81920, read_async_direct, 64, 3.134757, 3.433526
81920, read_async_fadvise, 4, 1.083171, 0.087264
81920, read_async_fadvise, 8, 2.959768, 3.101058
81920, read_async_fadvise, 12, 0.910143, 0.107471
81920, read_async_fadvise, 16, 1.550279, 0.163162
81920, read_async_fadvise, 24, 6.500609, 3.657744
81920, read_async_fadvise, 32, 2.917266, 3.162042
81920, read_async_fadvise, 40, 1.055818, 0.843904
81920, read_async_fadvise, 48, 2.725067, 3.271876
81920, read_async_fadvise, 56, 1.092196, 0.080745
81920, read_async_fadvise, 64, 2.762728, 3.026924
81920, mmap_plain, 0, 1.453652, 1.575827
81920, mmap_direct, 0, 0.641507, 0.117723
81920, mmap_fadvise, 0, 0.647682, 0.120348
917504, read_plain, 4, 3.514624, 0.434295
917504, read_plain, 8, 3.305890, 0.136950
917504, read_plain, 12, 3.062719, 0.043075
917504, read_plain, 16, 3.858559, 1.373808
917504, read_plain, 24, 3.294066, 0.165268
917504, read_plain, 32, 3.306272, 0.124388
917504, read_plain, 40, 3.657908, 0.403555
917504, read_plain, 48, 3.648662, 0.225219
917504, read_plain, 56, 3.317717, 0.149912
917504, read_plain, 64, 3.518343, 0.118715
917504, read_plain, 256, 3.708701, 0.141838
917504, read_direct, 4, 11.004505, 0.239856
917504, read_direct, 8, 7.429552, 0.235680
917504, read_direct, 12, 6.526950, 0.371338
917504, read_direct, 16, 6.735821, 0.338425
917504, read_direct, 24, 6.186624, 0.143465
917504, read_direct, 32, 11.658016, 5.139994
917504, read_direct, 40, 12.398700, 12.790587
917504, read_direct, 48, 5.947585, 0.479245
917504, read_direct, 56, 11.101572, 4.227153
917504, read_direct, 64, 7.608229, 3.804468
917504, read_direct, 256, 6.553310, 3.542368
917504, read_fadvise, 4, 2.972836, 0.427866
917504, read_fadvise, 8, 2.666537, 0.082068
917504, read_fadvise, 12, 2.843126, 0.051950
917504, read_fadvise, 16, 3.005290, 0.312340
917504, read_fadvise, 24, 3.384166, 0.165284
917504, read_fadvise, 32, 2.681907, 0.153190
917504, read_fadvise, 40, 3.577205, 0.600778
917504, read_fadvise, 48, 4.968328, 3.694696
917504, read_fadvise, 56, 4.963500, 3.365807
917504, read_fadvise, 64, 5.557547, 3.605069
917504, read_fadvise, 256, 3.586256, 0.663245
917504, aio_read_direct, 4, 13.849317, 0.442180
917504, aio_read_direct, 8, 9.564216, 1.225911
917504, aio_read_direct, 12, 8.076187, 0.740218
917504, aio_read_direct, 16, 8.060317, 0.988805
917504, aio_read_direct, 24, 9.269522, 4.688392
917504, aio_read_direct, 32, 5.859646, 0.865333
917504, aio_read_direct, 40, 9.196702, 4.192975
917504, aio_read_direct, 48, 6.635336, 0.949145
917504, aio_read_direct, 56, 6.544045, 0.395740
917504, aio_read_direct, 64, 6.771987, 0.645500
917504, aio_read_direct, 256, 7.355107, 3.861281
917504, aio_read_fadvise, 4, 3.981675, 0.291088
917504, aio_read_fadvise, 8, 3.250442, 0.176462
917504, aio_read_fadvise, 12, 3.582831, 0.188802
917504, aio_read_fadvise, 16, 3.420301, 0.349487
917504, aio_read_fadvise, 24, 2.984797, 0.131382
917504, aio_read_fadvise, 32, 3.415935, 0.270689
917504, aio_read_fadvise, 40, 3.248613, 0.326761
917504, aio_read_fadvise, 48, 3.318682, 0.560120
917504, aio_read_fadvise, 56, 3.040947, 0.392811
917504, aio_read_fadvise, 64, 3.063880, 0.218158
917504, aio_read_fadvise, 256, 3.881599, 0.411841
917504, read_async_plain, 4, 3.001536, 0.216880
917504, read_async_plain, 8, 3.104169, 0.538651
917504, read_async_plain, 12, 2.846970, 0.043363
917504, read_async_plain, 16, 3.519004, 1.388552
917504, read_async_plain, 24, 3.963670, 0.413153
917504, read_async_plain, 32, 4.676050, 2.564599
917504, read_async_plain, 40, 3.529686, 0.409628
917504, read_async_plain, 48, 4.977457, 3.240710
917504, read_async_plain, 56, 3.972454, 0.610603
917504, read_async_plain, 64, 3.061827, 0.130754
917504, read_async_plain, 256, 5.551748, 3.052815
917504, read_async_direct, 4, 13.095447, 3.427455
917504, read_async_direct, 8, 9.652120, 3.096074
917504, read_async_direct, 12, 8.183064, 3.742476
917504, read_async_direct, 16, 5.764193, 0.100793
917504, read_async_direct, 24, 4.977152, 0.157728
917504, read_async_direct, 32, 8.805894, 4.996810
917504, read_async_direct, 40, 4.730181, 0.074795
917504, read_async_direct, 48, 4.492828, 0.182685
917504, read_async_direct, 56, 4.725426, 0.599149
917504, read_async_direct, 64, 4.902094, 0.648223
917504, read_async_direct, 256, 4.025464, 0.197190
917504, read_async_fadvise, 4, 2.916294, 0.096326
917504, read_async_fadvise, 8, 3.321487, 0.626313
917504, read_async_fadvise, 12, 2.920685, 0.151834
917504, read_async_fadvise, 16, 2.963633, 0.088445
917504, read_async_fadvise, 24, 2.936550, 0.260321
917504, read_async_fadvise, 32, 2.845713, 0.122022
917504, read_async_fadvise, 40, 2.799794, 0.226213
917504, read_async_fadvise, 48, 3.127496, 0.316240
917504, read_async_fadvise, 56, 3.395930, 0.383605
917504, read_async_fadvise, 64, 4.577900, 3.440232
917504, read_async_fadvise, 256, 3.624956, 0.497651
917504, mmap_plain, 0, 2.987688, 0.197655
917504, mmap_direct, 0, 2.980761, 0.075089
917504, mmap_fadvise, 0, 2.877294, 0.078939
8192, read_plain, 4, 0.748422, 0.162133
8192, read_plain, 8, 0.618388, 0.095422
8192, read_direct, 4, 0.973311, 0.270080
8192, read_direct, 8, 0.809219, 0.131869
8192, read_fadvise, 4, 0.843462, 0.071555
8192, read_fadvise, 8, 0.769123, 0.201157
8192, aio_read_direct, 4, 1.057504, 0.127174
8192, aio_read_direct, 8, 1.398510, 1.058553
8192, aio_read_fadvise, 4, 1.950206, 2.944970
8192, aio_read_fadvise, 8, 0.400579, 0.122312
8192, read_async_plain, 4, 0.495739, 0.118371
8192, read_async_plain, 8, 0.499472, 0.352263
8192, read_async_direct, 4, 0.944933, 0.657958
8192, read_async_direct, 8, 0.631510, 0.414419
8192, read_async_fadvise, 4, 0.294517, 0.140089
8192, read_async_fadvise, 8, 0.867721, 1.045177
8192, mmap_plain, 0, 0.453791, 0.289271
8192, mmap_direct, 0, 0.301541, 0.028152
8192, mmap_fadvise, 0, 0.282951, 0.026992
98304, read_plain, 4, 1.414784, 0.492371
98304, read_plain, 8, 0.905646, 0.200679
98304, read_plain, 12, 0.709375, 0.177774
98304, read_plain, 16, 0.494136, 0.212794
98304, read_plain, 24, 0.370254, 0.356864
98304, read_plain, 32, 0.833345, 0.149038
98304, read_plain, 40, 0.981054, 0.019782
98304, read_plain, 48, 0.924719, 0.019360
98304, read_plain, 56, 2.863713, 3.365655
98304, read_plain, 64, 1.126000, 0.078366
98304, read_direct, 4, 2.381122, 0.144548
98304, read_direct, 8, 2.279356, 0.250819
98304, read_direct, 12, 1.695387, 0.240714
98304, read_direct, 16, 1.538491, 0.151643
98304, read_direct, 24, 1.526387, 0.168560
98304, read_direct, 32, 2.956152, 3.289570
98304, read_direct, 40, 1.352780, 0.327547
98304, read_direct, 48, 1.052183, 0.147867
98304, read_direct, 56, 1.212542, 0.337292
98304, read_direct, 64, 1.001051, 0.318397
98304, read_fadvise, 4, 0.747182, 0.199469
98304, read_fadvise, 8, 1.074155, 0.315836
98304, read_fadvise, 12, 2.905084, 3.314905
98304, read_fadvise, 16, 1.067331, 0.043401
98304, read_fadvise, 24, 1.201465, 0.118980
98304, read_fadvise, 32, 2.767225, 3.496377
98304, read_fadvise, 40, 2.561722, 3.236732
98304, read_fadvise, 48, 0.920560, 0.332408
98304, read_fadvise, 56, 0.972452, 0.091068
98304, read_fadvise, 64, 1.136004, 0.125977
98304, aio_read_direct, 4, 4.138609, 0.673899
98304, aio_read_direct, 8, 4.858345, 3.155655
98304, aio_read_direct, 12, 3.082880, 0.117097
98304, aio_read_direct, 16, 3.977705, 3.297165
98304, aio_read_direct, 24, 6.415952, 8.767151
98304, aio_read_direct, 32, 1.388609, 0.545122
98304, aio_read_direct, 40, 1.036192, 0.189328
98304, aio_read_direct, 48, 1.283662, 0.444761
98304, aio_read_direct, 56, 1.131780, 0.049924
98304, aio_read_direct, 64, 1.381400, 0.152543
98304, aio_read_fadvise, 4, 1.279377, 0.286717
98304, aio_read_fadvise, 8, 1.632947, 0.187378
98304, aio_read_fadvise, 12, 1.621616, 0.444396
98304, aio_read_fadvise, 16, 1.460010, 0.182887
98304, aio_read_fadvise, 24, 1.271302, 0.077009
98304, aio_read_fadvise, 32, 1.481108, 0.310840
98304, aio_read_fadvise, 40, 1.139729, 0.194395
98304, aio_read_fadvise, 48, 0.997469, 0.310297
98304, aio_read_fadvise, 56, 0.544240, 0.054203
98304, aio_read_fadvise, 64, 0.632047, 0.129621
98304, read_async_plain, 4, 1.048588, 0.308422
98304, read_async_plain, 8, 0.820370, 0.256037
98304, read_async_plain, 12, 1.034744, 0.256731
98304, read_async_plain, 16, 1.287137, 0.136922
98304, read_async_plain, 24, 2.624697, 2.305865
98304, read_async_plain, 32, 1.496845, 0.198207
98304, read_async_plain, 40, 1.232696, 0.246000
98304, read_async_plain, 48, 1.187045, 0.185104
98304, read_async_plain, 56, 3.149862, 2.851443
98304, read_async_plain, 64, 0.770933, 0.082158
98304, read_async_direct, 4, 2.507030, 0.164640
98304, read_async_direct, 8, 2.474797, 0.602162
98304, read_async_direct, 12, 1.773228, 0.373642
98304, read_async_direct, 16, 1.909459, 0.355164
98304, read_async_direct, 24, 1.349175, 0.112759
98304, read_async_direct, 32, 0.983003, 0.052286
98304, read_async_direct, 40, 4.826398, 3.859277
98304, read_async_direct, 48, 1.191000, 0.106529
98304, read_async_direct, 56, 1.306458, 0.058364
98304, read_async_direct, 64, 1.427449, 0.996292
98304, read_async_fadvise, 4, 0.880643, 0.101909
98304, read_async_fadvise, 8, 0.818361, 0.071727
98304, read_async_fadvise, 12, 0.774815, 0.132666
98304, read_async_fadvise, 16, 0.909461, 0.101658
98304, read_async_fadvise, 24, 1.132295, 0.527870
98304, read_async_fadvise, 32, 1.021617, 0.163864
98304, read_async_fadvise, 40, 0.738959, 0.041980
98304, read_async_fadvise, 48, 0.718765, 0.057243
98304, read_async_fadvise, 56, 0.970233, 0.641269
98304, read_async_fadvise, 64, 1.289956, 0.487788
98304, mmap_plain, 0, 0.825998, 0.395023
98304, mmap_direct, 0, 0.797175, 0.261779
98304, mmap_fadvise, 0, 0.736630, 0.158278
