117440512, read_plain, 4, 221.577287, 1.867904
117440512, read_plain, 8, 239.345311, 21.339920
117440512, read_plain, 12, 280.328776, 57.681781
117440512, read_plain, 16, 322.808351, 74.419176
117440512, read_plain, 24, 285.097546, 33.219652
117440512, read_plain, 32, 262.410952, 25.582293
117440512, read_plain, 40, 243.984432, 28.528636
117440512, read_plain, 48, 257.775450, 30.511416
117440512, read_plain, 56, 235.880273, 11.633356
117440512, read_plain, 64, 234.702495, 19.289698
117440512, read_plain, 256, 259.591116, 77.773190
117440512, read_plain, 1024, 259.358705, 27.650402
117440512, read_plain, 4096, 266.612393, 20.767060
117440512, read_plain, 16384, 270.231354, 25.693870
117440512, read_plain, 65536, 288.116749, 38.746989
117440512, read_direct, 4, 1927.446439, 206.310086
117440512, read_direct, 8, 1194.530150, 237.198165
117440512, read_direct, 12, 1003.809624, 162.732785
117440512, read_direct, 16, 898.926572, 154.097059
117440512, read_direct, 24, 735.818013, 186.635521
117440512, read_direct, 32, 664.925247, 144.625031
117440512, read_direct, 40, 644.712256, 85.188908
117440512, read_direct, 48, 649.072083, 135.104380
117440512, read_direct, 56, 681.179000, 139.051599
117440512, read_direct, 64, 632.641363, 106.948477
117440512, read_direct, 256, 744.310561, 22.729945
117440512, read_direct, 1024, 677.569629, 16.555277
117440512, read_direct, 4096, 385.081685, 62.953157
117440512, read_direct, 16384, 306.777692, 17.982751
117440512, read_direct, 65536, 265.437074, 9.882420
117440512, read_fadvise, 4, 286.141474, 41.901229
117440512, read_fadvise, 8, 238.387147, 26.032668
117440512, read_fadvise, 12, 324.308496, 26.570842
117440512, read_fadvise, 16, 233.800749, 24.258753
117440512, read_fadvise, 24, 240.458175, 20.754940
117440512, read_fadvise, 32, 248.797218, 38.689590
117440512, read_fadvise, 40, 304.929023, 61.730560
117440512, read_fadvise, 48, 272.304231, 49.507975
117440512, read_fadvise, 56, 311.534982, 75.565230
117440512, read_fadvise, 64, 233.131347, 14.264831
117440512, read_fadvise, 256, 255.302619, 36.036357
117440512, read_fadvise, 1024, 294.185679, 43.473517
117440512, read_fadvise, 4096, 334.803239, 40.079538
117440512, read_fadvise, 16384, 273.708912, 17.288657
117440512, read_fadvise, 65536, 311.644044, 43.710760
117440512, aio_read_direct, 4, 2466.475661, 370.306051
117440512, aio_read_direct, 8, 1435.840019, 200.340387
117440512, aio_read_direct, 12, 1019.328595, 81.807250
117440512, aio_read_direct, 16, 884.207897, 326.118543
117440512, aio_read_direct, 24, 754.185065, 138.020111
117440512, aio_read_direct, 32, 646.936092, 73.694114
117440512, aio_read_direct, 40, 562.608716, 92.986414
117440512, aio_read_direct, 48, 531.942478, 65.709393
117440512, aio_read_direct, 56, 616.516409, 150.267141
117440512, aio_read_direct, 64, 603.824955, 79.553281
117440512, aio_read_direct, 256, 628.350691, 46.963208
117440512, aio_read_direct, 1024, 526.143466, 60.403321
117440512, aio_read_direct, 4096, 334.799506, 27.415372
117440512, aio_read_direct, 16384, 243.950367, 6.924616
117440512, aio_read_direct, 65536, 241.623559, 2.043383
117440512, aio_read_fadvise, 4, 358.357157, 12.635548
117440512, aio_read_fadvise, 8, 283.130307, 20.781701
117440512, aio_read_fadvise, 12, 249.300185, 23.589081
117440512, aio_read_fadvise, 16, 262.836238, 16.015006
117440512, aio_read_fadvise, 24, 224.308270, 7.640662
117440512, aio_read_fadvise, 32, 222.285390, 4.182403
117440512, aio_read_fadvise, 40, 252.587191, 34.378976
117440512, aio_read_fadvise, 48, 225.825353, 7.141381
117440512, aio_read_fadvise, 56, 282.155100, 47.500791
117440512, aio_read_fadvise, 64, 262.111222, 34.038419
117440512, aio_read_fadvise, 256, 259.761682, 28.468105
117440512, aio_read_fadvise, 1024, 255.607269, 24.045366
117440512, aio_read_fadvise, 4096, 287.759878, 46.091342
117440512, aio_read_fadvise, 16384, 269.412044, 42.116563
117440512, aio_read_fadvise, 65536, 265.522040, 20.835105
117440512, read_async_plain, 4, 240.582543, 13.706736
117440512, read_async_plain, 8, 237.227198, 9.627227
117440512, read_async_plain, 12, 230.988202, 2.910928
117440512, read_async_plain, 16, 237.651124, 9.835493
117440512, read_async_plain, 24, 238.343407, 8.972418
117440512, read_async_plain, 32, 244.391786, 12.024091
117440512, read_async_plain, 40, 228.016686, 4.699247
117440512, read_async_plain, 48, 242.090119, 12.372637
117440512, read_async_plain, 56, 231.739618, 6.273275
117440512, read_async_plain, 64, 234.641895, 2.096769
117440512, read_async_plain, 256, 242.294373, 14.398552
117440512, read_async_plain, 1024, 236.009281, 1.859436
117440512, read_async_plain, 4096, 228.747136, 4.946694
117440512, read_async_plain, 16384, 239.216124, 9.881617
117440512, read_async_plain, 65536, 268.067616, 19.842109
117440512, read_async_direct, 4, 1387.747347, 14.831876
117440512, read_async_direct, 8, 832.545828, 10.175682
117440512, read_async_direct, 12, 693.145919, 21.585267
117440512, read_async_direct, 16, 630.427805, 13.250014
117440512, read_async_direct, 24, 522.572215, 17.374395
117440512, read_async_direct, 32, 487.975730, 11.123851
117440512, read_async_direct, 40, 467.363743, 13.414896
117440512, read_async_direct, 48, 442.407901, 6.870539
117440512, read_async_direct, 56, 450.980913, 21.461350
117440512, read_async_direct, 64, 463.156742, 17.134640
117440512, read_async_direct, 256, 379.098627, 4.737728
117440512, read_async_direct, 1024, 344.159325, 0.449109
117440512, read_async_direct, 4096, 277.410393, 3.341180
117440512, read_async_direct, 16384, 244.942948, 9.316647
117440512, read_async_direct, 65536, 242.987210, 4.225496
117440512, read_async_fadvise, 4, 230.502657, 4.619541
117440512, read_async_fadvise, 8, 234.274121, 10.086029
117440512, read_async_fadvise, 12, 238.360906, 13.752806
117440512, read_async_fadvise, 16, 226.527430, 4.802659
117440512, read_async_fadvise, 24, 232.570648, 7.538594
117440512, read_async_fadvise, 32, 226.930074, 3.643554
117440512, read_async_fadvise, 40, 234.166307, 9.710355
117440512, read_async_fadvise, 48, 230.875187, 0.766083
117440512, read_async_fadvise, 56, 235.521623, 14.434737
117440512, read_async_fadvise, 64, 228.761842, 4.697123
117440512, read_async_fadvise, 256, 237.970362, 9.863244
117440512, read_async_fadvise, 1024, 226.052435, 4.839032
117440512, read_async_fadvise, 4096, 232.177935, 9.863970
117440512, read_async_fadvise, 16384, 233.065300, 9.623099
117440512, read_async_fadvise, 65536, 237.511454, 3.663617
117440512, mmap_plain, 0, 242.670041, 35.593383
117440512, mmap_direct, 0, 277.860880, 54.562565
117440512, mmap_fadvise, 0, 300.805986, 48.138671
16777216, read_plain, 4, 38.097594, 5.395588
16777216, read_plain, 8, 33.332336, 0.322058
16777216, read_plain, 12, 34.555133, 2.327474
16777216, read_plain, 16, 33.726164, 0.130801
16777216, read_plain, 24, 39.160031, 6.799066
16777216, read_plain, 32, 38.279647, 8.561319
16777216, read_plain, 40, 35.287927, 4.145624
16777216, read_plain, 48, 36.205014, 5.265661
16777216, read_plain, 56, 36.898421, 7.720317
16777216, read_plain, 64, 32.968247, 0.072882
16777216, read_plain, 256, 34.354586, 0.778128
16777216, read_plain, 1024, 36.867219, 0.323691
16777216, read_plain, 4096, 40.061601, 4.392049
16777216, read_plain, 16384, 38.878954, 2.469298
16777216, read_direct, 4, 252.300528, 26.557343
16777216, read_direct, 8, 149.032950, 12.249504
16777216, read_direct, 12, 125.700220, 4.602516
16777216, read_direct, 16, 91.809698, 7.589925
16777216, read_direct, 24, 86.071868, 5.690301
16777216, read_direct, 32, 77.169194, 4.075719
16777216, read_direct, 40, 78.818918, 7.816938
16777216, read_direct, 48, 81.120214, 15.782919
16777216, read_direct, 56, 71.274663, 6.876307
16777216, read_direct, 64, 73.644458, 3.400967
16777216, read_direct, 256, 91.480553, 13.505005
16777216, read_direct, 1024, 70.535423, 15.803056
16777216, read_direct, 4096, 55.623231, 7.903501
16777216, read_direct, 16384, 39.238734, 3.280188
16777216, read_fadvise, 4, 33.433265, 0.439181
16777216, read_fadvise, 8, 37.627868, 7.158812
16777216, read_fadvise, 12, 43.422920, 9.279809
16777216, read_fadvise, 16, 36.187487, 3.783216
16777216, read_fadvise, 24, 34.268467, 0.063440
16777216, read_fadvise, 32, 40.657419, 11.800281
16777216, read_fadvise, 40, 33.899251, 1.589260
16777216, read_fadvise, 48, 43.831461, 8.199418
16777216, read_fadvise, 56, 34.272561, 0.479228
16777216, read_fadvise, 64, 35.844246, 4.201536
16777216, read_fadvise, 256, 39.050043, 4.508711
16777216, read_fadvise, 1024, 38.738801, 3.568589
16777216, read_fadvise, 4096, 39.913790, 1.504666
16777216, read_fadvise, 16384, 46.407050, 5.319432
16777216, aio_read_direct, 4, 290.114896, 36.792009
16777216, aio_read_direct, 8, 146.234421, 20.068901
16777216, aio_read_direct, 12, 169.564424, 45.852574
16777216, aio_read_direct, 16, 119.371703, 21.455986
16777216, aio_read_direct, 24, 101.050208, 16.599658
16777216, aio_read_direct, 32, 90.791515, 21.464000
16777216, aio_read_direct, 40, 86.961289, 11.978000
16777216, aio_read_direct, 48, 90.524911, 11.230768
16777216, aio_read_direct, 56, 80.884580, 11.229259
16777216, aio_read_direct, 64, 64.679348, 3.637061
16777216, aio_read_direct, 256, 89.134783, 9.038485
16777216, aio_read_direct, 1024, 68.279919, 9.037102
16777216, aio_read_direct, 4096, 55.988010, 7.396327
16777216, aio_read_direct, 16384, 47.370927, 4.534908
16777216, aio_read_fadvise, 4, 49.772625, 0.978531
16777216, aio_read_fadvise, 8, 44.244048, 6.654029
16777216, aio_read_fadvise, 12, 38.202523, 3.642582
16777216, aio_read_fadvise, 16, 34.565814, 0.248592
16777216, aio_read_fadvise, 24, 34.513935, 0.403019
16777216, aio_read_fadvise, 32, 34.255515, 0.409596
16777216, aio_read_fadvise, 40, 38.056596, 4.147851
16777216, aio_read_fadvise, 48, 39.115373, 5.194544
16777216, aio_read_fadvise, 56, 37.696662, 4.544659
16777216, aio_read_fadvise, 64, 34.470016, 0.382065
16777216, aio_read_fadvise, 256, 34.492388, 0.227065
16777216, aio_read_fadvise, 1024, 36.820267, 2.002796
16777216, aio_read_fadvise, 4096, 35.869432, 0.380783
16777216, aio_read_fadvise, 16384, 52.640457, 10.132987
16777216, read_async_plain, 4, 35.474126, 1.489577
16777216, read_async_plain, 8, 34.215713, 0.514418
16777216, read_async_plain, 12, 36.787148, 3.916839
16777216, read_async_plain, 16, 35.504718, 2.042795
16777216, read_async_plain, 24, 34.385731, 0.949057
16777216, read_async_plain, 32, 36.112951, 3.758395
16777216, read_async_plain, 40, 36.674472, 3.397106
16777216, read_async_plain, 48, 40.580675, 4.798479
16777216, read_async_plain, 56, 36.920702, 3.879038
16777216, read_async_plain, 64, 34.597847, 0.493219
16777216, read_async_plain, 256, 36.308305, 3.643598
16777216, read_async_plain, 1024, 36.802677, 5.246692
16777216, read_async_plain, 4096, 43.922655, 7.084482
16777216, read_async_plain, 16384, 43.841576, 9.639781
16777216, read_async_direct, 4, 192.046597, 4.315181
16777216, read_async_direct, 8, 116.057613, 1.608525
16777216, read_async_direct, 12, 99.671807, 10.785104
16777216, read_async_direct, 16, 94.219387, 23.117330
16777216, read_async_direct, 24, 75.044158, 4.032862
16777216, read_async_direct, 32, 66.541592, 1.475973
16777216, read_async_direct, 40, 64.208260, 2.991407
16777216, read_async_direct, 48, 63.508436, 5.060699
16777216, read_async_direct, 56, 66.344140, 3.911219
16777216, read_async_direct, 64, 65.561485, 5.958546
16777216, read_async_direct, 256, 60.278786, 4.798541
16777216, read_async_direct, 1024, 57.212658, 7.157356
16777216, read_async_direct, 4096, 45.674915, 2.893212
16777216, read_async_direct, 16384, 40.037784, 0.202794
16777216, read_async_fadvise, 4, 38.508790, 5.472751
16777216, read_async_fadvise, 8, 36.759817, 3.698639
16777216, read_async_fadvise, 12, 37.240229, 4.703277
16777216, read_async_fadvise, 16, 34.743454, 0.377752
16777216, read_async_fadvise, 24, 34.000410, 0.298069
16777216, read_async_fadvise, 32, 34.494581, 0.267606
16777216, read_async_fadvise, 40, 35.592478, 3.455424
16777216, read_async_fadvise, 48, 36.490071, 3.397157
16777216, read_async_fadvise, 56, 34.129361, 0.437524
16777216, read_async_fadvise, 64, 34.691288, 0.341773
16777216, read_async_fadvise, 256, 38.442164, 3.778678
16777216, read_async_fadvise, 1024, 39.740066, 4.196382
16777216, read_async_fadvise, 4096, 45.563427, 4.810639
16777216, read_async_fadvise, 16384, 42.317536, 3.427660
16777216, mmap_plain, 0, 39.999939, 7.215183
16777216, mmap_direct, 0, 38.710467, 5.693856
16777216, mmap_fadvise, 0, 34.777340, 0.115314
1048576, read_plain, 4, 3.688387, 0.223090
1048576, read_plain, 8, 5.384106, 3.601559
1048576, read_plain, 12, 3.786654, 0.071443
1048576, read_plain, 16, 3.890533, 0.236869
1048576, read_plain, 24, 3.728693, 0.149418
1048576, read_plain, 32, 3.082745, 0.229851
1048576, read_plain, 40, 3.153663, 0.273139
1048576, read_plain, 48, 3.729127, 0.125911
1048576, read_plain, 56, 7.128193, 7.557735
1048576, read_plain, 64, 3.728634, 0.065567
1048576, read_plain, 256, 3.886421, 0.180746
1048576, read_plain, 1024, 3.570676, 0.086031
1048576, read_direct, 4, 12.555323, 0.439157
1048576, read_direct, 8, 9.407309, 1.001441
1048576, read_direct, 12, 6.945275, 0.092074
1048576, read_direct, 16, 6.384764, 0.158800
1048576, read_direct, 24, 5.972022, 0.274395
1048576, read_direct, 32, 5.778699, 0.418809
1048576, read_direct, 40, 5.429777, 0.385556
1048576, read_direct, 48, 5.433409, 0.403706
1048576, read_direct, 56, 5.121324, 0.218117
1048576, read_direct, 64, 5.392894, 0.142776
1048576, read_direct, 256, 5.652904, 2.661330
1048576, read_direct, 1024, 4.103689, 0.631939
1048576, read_fadvise, 4, 3.570986, 0.430745
1048576, read_fadvise, 8, 3.188201, 0.143914
1048576, read_fadvise, 12, 3.076402, 0.014792
1048576, read_fadvise, 16, 3.241359, 0.333893
1048576, read_fadvise, 24, 7.328099, 4.672061
1048576, read_fadvise, 32, 3.918830, 0.583529
1048576, read_fadvise, 40, 3.492752, 0.200449
1048576, read_fadvise, 48, 3.771601, 0.255000
1048576, read_fadvise, 56, 3.267140, 0.070307
1048576, read_fadvise, 64, 7.001050, 4.033542
1048576, read_fadvise, 256, 5.415975, 3.205343
1048576, read_fadvise, 1024, 9.375354, 4.317390
1048576, aio_read_direct, 4, 18.331204, 2.994317
1048576, aio_read_direct, 8, 11.040043, 0.561314
1048576, aio_read_direct, 12, 10.047655, 0.750509
1048576, aio_read_direct, 16, 9.092519, 0.644571
1048576, aio_read_direct, 24, 9.117637, 1.463072
1048576, aio_read_direct, 32, 7.477438, 0.304374
1048576, aio_read_direct, 40, 9.207341, 3.808250
1048576, aio_read_direct, 48, 8.255154, 4.350401
1048576, aio_read_direct, 56, 7.625851, 3.848699
1048576, aio_read_direct, 64, 6.764364, 1.002520
1048576, aio_read_direct, 256, 4.935268, 0.497324
1048576, aio_read_direct, 1024, 4.581446, 0.929532
1048576, aio_read_fadvise, 4, 4.829084, 0.424970
1048576, aio_read_fadvise, 8, 5.394523, 3.341502
1048576, aio_read_fadvise, 12, 3.818839, 0.203070
1048576, aio_read_fadvise, 16, 3.704974, 0.375467
1048576, aio_read_fadvise, 24, 3.468991, 0.256115
1048576, aio_read_fadvise, 32, 3.677638, 0.727633
1048576, aio_read_fadvise, 40, 3.003025, 0.054827
1048576, aio_read_fadvise, 48, 3.180299, 0.247832
1048576, aio_read_fadvise, 56, 3.207006, 0.160919
1048576, aio_read_fadvise, 64, 3.336820, 0.102789
1048576, aio_read_fadvise, 256, 4.075490, 0.524783
1048576, aio_read_fadvise, 1024, 4.083417, 0.327716
1048576, read_async_plain, 4, 3.119486, 0.099279
1048576, read_async_plain, 8, 3.042430, 0.081807
1048576, read_async_plain, 12, 3.019038, 0.034437
1048576, read_async_plain, 16, 3.360930, 0.383896
1048576, read_async_plain, 24, 3.175747, 0.222565
1048576, read_async_plain, 32, 3.514907, 0.495836
1048576, read_async_plain, 40, 3.300964, 0.259000
1048576, read_async_plain, 48, 3.155354, 0.140451
1048576, read_async_plain, 56, 3.453947, 0.299686
1048576, read_async_plain, 64, 5.224218, 3.720198
1048576, read_async_plain, 256, 5.200802, 3.323076
1048576, read_async_plain, 1024, 4.121419, 0.911673
1048576, read_async_direct, 4, 14.022023, 1.934792
1048576, read_async_direct, 8, 9.875554, 3.459578
1048576, read_async_direct, 12, 7.637310, 0.585439
1048576, read_async_direct, 16, 6.580875, 0.412269
1048576, read_async_direct, 24, 7.789667, 3.307888
1048576, read_async_direct, 32, 6.257490, 0.486293
1048576, read_async_direct, 40, 5.316786, 0.341613
1048576, read_async_direct, 48, 14.980888, 11.589584
1048576, read_async_direct, 56, 6.843154, 3.447341
1048576, read_async_direct, 64, 5.440924, 0.697444
1048576, read_async_direct, 256, 7.757083, 4.155786
1048576, read_async_direct, 1024, 4.288392, 0.776117
1048576, read_async_fadvise, 4, 5.118322, 3.437207
1048576, read_async_fadvise, 8, 3.127004, 0.055465
1048576, read_async_fadvise, 12, 3.199285, 0.092203
1048576, read_async_fadvise, 16, 3.221344, 0.143371
1048576, read_async_fadvise, 24, 3.200598, 0.212124
1048576, read_async_fadvise, 32, 3.498276, 0.428647
1048576, read_async_fadvise, 40, 5.088160, 3.410556
1048576, read_async_fadvise, 48, 3.160110, 0.206961
1048576, read_async_fadvise, 56, 3.112935, 0.190154
1048576, read_async_fadvise, 64, 3.715595, 0.148694
1048576, read_async_fadvise, 256, 3.757708, 0.165470
1048576, read_async_fadvise, 1024, 4.490207, 0.353890
1048576, mmap_plain, 0, 3.357344, 0.205616
1048576, mmap_direct, 0, 3.327775, 0.220401
1048576, mmap_fadvise, 0, 3.529696, 0.386671
268435456, read_plain, 4, 578.800804, 76.070240
268435456, read_plain, 8, 691.457562, 149.844404
268435456, read_plain, 12, 622.271320, 175.625057
268435456, read_plain, 16, 571.592347, 59.393395
268435456, read_plain, 24, 568.008387, 100.438918
268435456, read_plain, 32, 580.592971, 82.127924
268435456, read_plain, 40, 629.916437, 153.586349
268435456, read_plain, 48, 538.639069, 39.094092
268435456, read_plain, 56, 593.361852, 47.103517
268435456, read_plain, 64, 610.418503, 78.774000
268435456, read_plain, 256, 584.966373, 165.174910
268435456, read_plain, 1024, 591.698258, 57.017021
268435456, read_plain, 4096, 612.269645, 85.362998
268435456, read_plain, 16384, 633.416474, 98.770864
268435456, read_plain, 65536, 608.063725, 50.274975
268435456, read_plain, 262144, 662.600974, 143.024256
268435456, read_direct, 4, 3637.187700, 460.696701
268435456, read_direct, 8, 2294.146400, 108.084632
268435456, read_direct, 12, 2377.761606, 394.381332
268435456, read_direct, 16, 1941.762665, 334.168076
268435456, read_direct, 24, 1555.764897, 162.250550
268435456, read_direct, 32, 1716.937984, 210.841037
268435456, read_direct, 40, 1501.439383, 159.461471
268435456, read_direct, 48, 1670.938362, 212.121989
268435456, read_direct, 56, 1470.012291, 208.966941
268435456, read_direct, 64, 1666.855643, 236.437337
268435456, read_direct, 256, 1663.936106, 83.075735
268435456, read_direct, 1024, 1487.985541, 49.068901
268435456, read_direct, 4096, 915.421018, 113.915850
268435456, read_direct, 16384, 658.351090, 22.385311
268435456, read_direct, 65536, 617.641002, 9.069902
268435456, read_direct, 262144, 600.085201, 10.318435
268435456, read_fadvise, 4, 628.263010, 155.721370
268435456, read_fadvise, 8, 591.634481, 134.793401
268435456, read_fadvise, 12, 720.576914, 109.723050
268435456, read_fadvise, 16, 746.523504, 62.232511
268435456, read_fadvise, 24, 610.815556, 61.943388
268435456, read_fadvise, 32, 583.101508, 71.268309
268435456, read_fadvise, 40, 683.274913, 115.166370
268435456, read_fadvise, 48, 695.935475, 119.626164
268435456, read_fadvise, 56, 634.514534, 90.764174
268435456, read_fadvise, 64, 546.852377, 54.721901
268435456, read_fadvise, 256, 572.382793, 71.165862
268435456, read_fadvise, 1024, 649.739740, 76.350429
268435456, read_fadvise, 4096, 801.728631, 150.132159
268435456, read_fadvise, 16384, 639.396518, 48.357897
268435456, read_fadvise, 65536, 645.309827, 34.384894
268435456, read_fadvise, 262144, 680.321919, 133.059944
268435456, aio_read_direct, 4, 4838.117556, 619.431129
268435456, aio_read_direct, 8, 2782.500423, 284.289124
268435456, aio_read_direct, 12, 2305.030033, 298.012613
268435456, aio_read_direct, 16, 1874.411899, 232.399248
268435456, aio_read_direct, 24, 1544.537961, 53.461931
268435456, aio_read_direct, 32, 1383.240136, 127.853862
268435456, aio_read_direct, 40, 1330.020394, 228.773893
268435456, aio_read_direct, 48, 1070.639551, 72.858597
268435456, aio_read_direct, 56, 1129.954198, 121.681573
268435456, aio_read_direct, 64, 1314.931355, 33.521173
268435456, aio_read_direct, 256, 1425.747733, 74.288171
268435456, aio_read_direct, 1024, 1250.880987, 89.879908
268435456, aio_read_direct, 4096, 699.490253, 54.287659
268435456, aio_read_direct, 16384, 546.081489, 3.434870
268435456, aio_read_direct, 65536, 529.171470, 7.347222
268435456, aio_read_direct, 262144, 577.149571, 12.569076
268435456, aio_read_fadvise, 4, 835.980929, 22.070259
268435456, aio_read_fadvise, 8, 640.003353, 29.213930
268435456, aio_read_fadvise, 12, 596.488265, 26.025636
268435456, aio_read_fadvise, 16, 594.177366, 28.152131
268435456, aio_read_fadvise, 24, 530.643924, 27.058125
268435456, aio_read_fadvise, 32, 546.309006, 47.840819
268435456, aio_read_fadvise, 40, 617.684200, 45.877925
268435456, aio_read_fadvise, 48, 523.591505, 36.461193
268435456, aio_read_fadvise, 56, 558.389807, 56.568795
268435456, aio_read_fadvise, 64, 563.003745, 59.948781
268435456, aio_read_fadvise, 256, 585.605456, 84.066967
268435456, aio_read_fadvise, 1024, 564.509196, 50.371750
268435456, aio_read_fadvise, 4096, 603.269640, 74.407645
268435456, aio_read_fadvise, 16384, 550.501200, 32.844559
268435456, aio_read_fadvise, 65536, 545.928910, 23.782383
268435456, aio_read_fadvise, 262144, 622.337155, 81.891823
268435456, read_async_plain, 4, 526.102288, 9.643473
268435456, read_async_plain, 8, 527.443653, 15.295149
268435456, read_async_plain, 12, 528.376834, 13.886116
268435456, read_async_plain, 16, 526.930418, 10.173700
268435456, read_async_plain, 24, 525.372552, 13.254977
268435456, read_async_plain, 32, 527.249575, 12.191303
268435456, read_async_plain, 40, 517.927475, 4.609589
268435456, read_async_plain, 48, 524.072174, 9.414733
268435456, read_async_plain, 56, 517.951750, 2.385186
268435456, read_async_plain, 64, 526.684290, 6.910457
268435456, read_async_plain, 256, 525.748523, 10.501351
268435456, read_async_plain, 1024, 527.705501, 8.396170
268435456, read_async_plain, 4096, 537.570510, 26.774690
268435456, read_async_plain, 16384, 532.805056, 9.700897
268435456, read_async_plain, 65536, 550.612024, 18.446869
268435456, read_async_plain, 262144, 680.264313, 123.929641
268435456, read_async_direct, 4, 3202.795941, 35.387257
268435456, read_async_direct, 8, 1901.985444, 20.630884
268435456, read_async_direct, 12, 1598.010770, 10.535187
268435456, read_async_direct, 16, 1437.688025, 21.335429
268435456, read_async_direct, 24, 1224.945357, 26.506453
268435456, read_async_direct, 32, 1115.732365, 12.739372
268435456, read_async_direct, 40, 1048.062275, 10.837118
268435456, read_async_direct, 48, 1022.383644, 13.342525
268435456, read_async_direct, 56, 981.615081, 7.008612
268435456, read_async_direct, 64, 1010.402605, 11.852315
268435456, read_async_direct, 256, 855.601961, 22.430826
268435456, read_async_direct, 1024, 777.957067, 13.307033
268435456, read_async_direct, 4096, 637.643658, 7.616559
268435456, read_async_direct, 16384, 544.564541, 6.565720
268435456, read_async_direct, 65536, 532.720176, 2.662455
268435456, read_async_direct, 262144, 574.964692, 11.306262
268435456, read_async_fadvise, 4, 517.908940, 12.584918
268435456, read_async_fadvise, 8, 528.990557, 24.312242
268435456, read_async_fadvise, 12, 524.765915, 13.199676
268435456, read_async_fadvise, 16, 515.954889, 9.410054
268435456, read_async_fadvise, 24, 516.228016, 10.777164
268435456, read_async_fadvise, 32, 526.015751, 16.290168
268435456, read_async_fadvise, 40, 518.985709, 10.204438
268435456, read_async_fadvise, 48, 512.435679, 2.282165
268435456, read_async_fadvise, 56, 511.594175, 2.847298
268435456, read_async_fadvise, 64, 503.543413, 3.628929
268435456, read_async_fadvise, 256, 515.721709, 9.248271
268435456, read_async_fadvise, 1024, 514.470699, 10.593632
268435456, read_async_fadvise, 4096, 522.157109, 11.437936
268435456, read_async_fadvise, 16384, 532.688957, 12.228976
268435456, read_async_fadvise, 65536, 565.854864, 46.635852
268435456, read_async_fadvise, 262144, 770.496848, 133.617096
268435456, mmap_plain, 0, 560.081527, 16.810205
268435456, mmap_direct, 0, 575.251011, 49.669685
268435456, mmap_fadvise, 0, 566.222623, 41.017492
2097152, read_plain, 4, 5.335323, 0.189551
2097152, read_plain, 8, 5.563380, 0.307354
2097152, read_plain, 12, 5.863351, 0.618826
2097152, read_plain, 16, 10.777267, 8.522970
2097152, read_plain, 24, 5.199006, 0.340509
2097152, read_plain, 32, 5.680384, 0.813749
2097152, read_plain, 40, 5.273974, 0.359212
2097152, read_plain, 48, 6.117461, 0.482831
2097152, read_plain, 56, 5.707802, 0.461006
2097152, read_plain, 64, 5.978527, 0.532261
2097152, read_plain, 256, 6.562866, 0.794633
2097152, read_plain, 1024, 8.392736, 4.964357
2097152, read_direct, 4, 24.397686, 0.298397
2097152, read_direct, 8, 15.529530, 0.239298
2097152, read_direct, 12, 12.981595, 0.223916
2097152, read_direct, 16, 11.649821, 0.215328
2097152, read_direct, 24, 10.414020, 0.438753
2097152, read_direct, 32, 9.715156, 0.396601
2097152, read_direct, 40, 10.829716, 0.516328
2097152, read_direct, 48, 10.063294, 0.221909
2097152, read_direct, 56, 9.685514, 0.619655
2097152, read_direct, 64, 12.062024, 5.085855
2097152, read_direct, 256, 8.359327, 0.083673
2097152, read_direct, 1024, 8.048521, 1.054538
2097152, read_fadvise, 4, 5.104495, 0.178700
2097152, read_fadvise, 8, 5.072950, 0.083240
2097152, read_fadvise, 12, 5.293738, 0.345822
2097152, read_fadvise, 16, 11.738443, 13.267056
2097152, read_fadvise, 24, 5.165408, 0.067264
2097152, read_fadvise, 32, 6.059689, 0.275880
2097152, read_fadvise, 40, 5.736518, 0.158200
2097152, read_fadvise, 48, 5.938840, 0.125572
2097152, read_fadvise, 56, 5.717287, 0.805352
2097152, read_fadvise, 64, 5.249929, 0.149697
2097152, read_fadvise, 256, 6.741381, 0.539831
2097152, read_fadvise, 1024, 8.083261, 3.387037
2097152, aio_read_direct, 4, 29.809319, 0.575836
2097152, aio_read_direct, 8, 18.569961, 0.211681
2097152, aio_read_direct, 12, 17.947843, 4.710543
2097152, aio_read_direct, 16, 13.239075, 0.430072
2097152, aio_read_direct, 24, 14.155932, 2.362101
2097152, aio_read_direct, 32, 14.043298, 2.116414
2097152, aio_read_direct, 40, 14.907296, 5.935659
2097152, aio_read_direct, 48, 12.744545, 2.050002
2097152, aio_read_direct, 56, 16.036711, 5.442273
2097152, aio_read_direct, 64, 11.801709, 0.366901
2097152, aio_read_direct, 256, 9.300352, 0.958015
2097152, aio_read_direct, 1024, 17.007667, 0.901477
2097152, aio_read_fadvise, 4, 10.636432, 6.031242
2097152, aio_read_fadvise, 8, 12.191984, 8.797856
2097152, aio_read_fadvise, 12, 12.782475, 5.085836
2097152, aio_read_fadvise, 16, 5.754268, 0.364818
2097152, aio_read_fadvise, 24, 7.861982, 3.817936
2097152, aio_read_fadvise, 32, 6.125749, 1.119660
2097152, aio_read_fadvise, 40, 5.605674, 0.329104
2097152, aio_read_fadvise, 48, 11.650679, 4.833385
2097152, aio_read_fadvise, 56, 5.749884, 0.317774
2097152, aio_read_fadvise, 64, 5.552342, 0.196987
2097152, aio_read_fadvise, 256, 10.230092, 4.496434
2097152, aio_read_fadvise, 1024, 10.915126, 4.505286
2097152, read_async_plain, 4, 5.860657, 0.760978
2097152, read_async_plain, 8, 6.698245, 3.662084
2097152, read_async_plain, 12, 7.019556, 3.456808
2097152, read_async_plain, 16, 7.297790, 3.554205
2097152, read_async_plain, 24, 9.362077, 6.777855
2097152, read_async_plain, 32, 7.684943, 4.578146
2097152, read_async_plain, 40, 9.581072, 7.175038
2097152, read_async_plain, 48, 9.308495, 4.093411
2097152, read_async_plain, 56, 7.992694, 3.172988
2097152, read_async_plain, 64, 9.403239, 8.044975
2097152, read_async_plain, 256, 5.912421, 0.298916
2097152, read_async_plain, 1024, 10.959013, 4.062282
2097152, read_async_direct, 4, 23.372249, 0.424054
2097152, read_async_direct, 8, 15.227138, 0.133579
2097152, read_async_direct, 12, 14.089228, 2.889665
2097152, read_async_direct, 16, 11.273136, 0.106088
2097152, read_async_direct, 24, 10.947980, 0.198261
2097152, read_async_direct, 32, 11.525537, 3.753355
2097152, read_async_direct, 40, 9.864725, 0.861520
2097152, read_async_direct, 48, 9.114313, 0.722054
2097152, read_async_direct, 56, 8.784604, 0.252627
2097152, read_async_direct, 64, 9.040794, 0.280631
2097152, read_async_direct, 256, 9.721098, 3.471304
2097152, read_async_direct, 1024, 9.443600, 2.779416
2097152, read_async_fadvise, 4, 5.727733, 0.438113
2097152, read_async_fadvise, 8, 5.810159, 0.162387
2097152, read_async_fadvise, 12, 7.234401, 3.367824
2097152, read_async_fadvise, 16, 5.501865, 0.279351
2097152, read_async_fadvise, 24, 5.366653, 0.120108
2097152, read_async_fadvise, 32, 5.585591, 0.240432
2097152, read_async_fadvise, 40, 5.735981, 0.853585
2097152, read_async_fadvise, 48, 5.953535, 0.443414
2097152, read_async_fadvise, 56, 8.564946, 3.771714
2097152, read_async_fadvise, 64, 5.857334, 0.477022
2097152, read_async_fadvise, 256, 9.240758, 3.963581
2097152, read_async_fadvise, 1024, 6.799756, 0.641689
2097152, mmap_plain, 0, 5.397128, 0.507183
2097152, mmap_direct, 0, 5.655155, 0.699959
2097152, mmap_fadvise, 0, 5.945352, 0.366768
33554432, read_plain, 4, 66.820014, 1.020237
33554432, read_plain, 8, 66.479624, 0.213610
33554432, read_plain, 12, 67.006959, 0.339632
33554432, read_plain, 16, 65.623144, 0.280652
33554432, read_plain, 24, 69.127286, 2.860474
33554432, read_plain, 32, 66.731439, 1.787753
33554432, read_plain, 40, 70.583195, 5.538100
33554432, read_plain, 48, 65.919862, 0.193404
33554432, read_plain, 56, 66.058548, 0.528130
33554432, read_plain, 64, 66.141509, 0.395520
33554432, read_plain, 256, 79.113362, 23.375262
33554432, read_plain, 1024, 72.478534, 0.776706
33554432, read_plain, 4096, 94.346238, 19.860655
33554432, read_plain, 16384, 95.823516, 31.375639
33554432, read_direct, 4, 579.888690, 102.267526
33554432, read_direct, 8, 355.133827, 25.860775
33554432, read_direct, 12, 278.072718, 38.240711
33554432, read_direct, 16, 247.721058, 25.841220
33554432, read_direct, 24, 206.120229, 16.554162
33554432, read_direct, 32, 202.277062, 16.421130
33554432, read_direct, 40, 188.137606, 15.045221
33554432, read_direct, 48, 176.892364, 8.819186
33554432, read_direct, 56, 153.876382, 12.326391
33554432, read_direct, 64, 163.859667, 28.764776
33554432, read_direct, 256, 165.727914, 24.320070
33554432, read_direct, 1024, 152.512889, 30.495071
33554432, read_direct, 4096, 113.028847, 19.169606
33554432, read_direct, 16384, 84.283105, 9.393556
33554432, read_fadvise, 4, 66.575942, 2.667082
33554432, read_fadvise, 8, 66.701255, 4.321033
33554432, read_fadvise, 12, 72.823626, 12.243882
33554432, read_fadvise, 16, 71.335726, 6.536524
33554432, read_fadvise, 24, 69.713045, 10.814403
33554432, read_fadvise, 32, 74.651925, 21.597967
33554432, read_fadvise, 40, 65.901160, 4.047778
33554432, read_fadvise, 48, 65.377454, 2.581731
33554432, read_fadvise, 56, 71.156798, 11.382810
33554432, read_fadvise, 64, 70.683149, 8.468370
33554432, read_fadvise, 256, 67.864731, 4.922151
33554432, read_fadvise, 1024, 87.459493, 20.099976
33554432, read_fadvise, 4096, 89.184141, 22.579730
33554432, read_fadvise, 16384, 75.539683, 5.089231
33554432, aio_read_direct, 4, 480.925301, 34.679779
33554432, aio_read_direct, 8, 423.162567, 99.106279
33554432, aio_read_direct, 12, 269.612899, 52.952691
33554432, aio_read_direct, 16, 246.729307, 31.780452
33554432, aio_read_direct, 24, 236.960159, 28.152860
33554432, aio_read_direct, 32, 184.592751, 25.204818
33554432, aio_read_direct, 40, 205.069417, 34.285350
33554432, aio_read_direct, 48, 179.743120, 53.344664
33554432, aio_read_direct, 56, 179.141872, 47.620659
33554432, aio_read_direct, 64, 191.153559, 32.731414
33554432, aio_read_direct, 256, 200.642046, 5.713372
33554432, aio_read_direct, 1024, 141.479222, 17.322135
33554432, aio_read_direct, 4096, 93.896519, 6.282650
33554432, aio_read_direct, 16384, 72.815955, 0.494785
33554432, aio_read_fadvise, 4, 96.350676, 1.686331
33554432, aio_read_fadvise, 8, 92.396500, 21.776492
33554432, aio_read_fadvise, 12, 70.195081, 2.519817
33554432, aio_read_fadvise, 16, 67.015575, 0.577630
33554432, aio_read_fadvise, 24, 64.661343, 1.193927
33554432, aio_read_fadvise, 32, 66.523647, 1.912275
33554432, aio_read_fadvise, 40, 68.141666, 7.034913
33554432, aio_read_fadvise, 48, 66.799641, 5.234254
33554432, aio_read_fadvise, 56, 73.724560, 11.446198
33554432, aio_read_fadvise, 64, 69.571861, 7.597167
33554432, aio_read_fadvise, 256, 66.902078, 3.913713
33554432, aio_read_fadvise, 1024, 68.097462, 3.300819
33554432, aio_read_fadvise, 4096, 71.557225, 10.098351
33554432, aio_read_fadvise, 16384, 77.786106, 6.445702
33554432, read_async_plain, 4, 72.875673, 11.755555
33554432, read_async_plain, 8, 64.657055, 0.457815
33554432, read_async_plain, 12, 68.660908, 4.093704
33554432, read_async_plain, 16, 66.984951, 3.313941
33554432, read_async_plain, 24, 72.161553, 3.529954
33554432, read_async_plain, 32, 69.989001, 4.872144
33554432, read_async_plain, 40, 70.915884, 10.826809
33554432, read_async_plain, 48, 71.682145, 4.043987
33554432, read_async_plain, 56, 67.807658, 5.450577
33554432, read_async_plain, 64, 64.724697, 0.252693
33554432, read_async_plain, 256, 68.042518, 6.665596
33554432, read_async_plain, 1024, 65.207640, 0.391485
33554432, read_async_plain, 4096, 68.217459, 3.268178
33554432, read_async_plain, 16384, 75.194138, 7.692454
33554432, read_async_direct, 4, 408.274404, 14.257318
33554432, read_async_direct, 8, 241.359636, 10.841547
33554432, read_async_direct, 12, 201.650987, 9.580887
33554432, read_async_direct, 16, 177.012522, 4.574391
33554432, read_async_direct, 24, 164.600555, 24.309725
33554432, read_async_direct, 32, 134.484309, 4.411154
33554432, read_async_direct, 40, 125.955680, 1.841232
33554432, read_async_direct, 48, 125.570852, 7.575172
33554432, read_async_direct, 56, 123.514580, 2.856936
33554432, read_async_direct, 64, 121.854334, 4.256584
33554432, read_async_direct, 256, 109.909403, 2.666571
33554432, read_async_direct, 1024, 104.764743, 1.420047
33554432, read_async_direct, 4096, 83.021158, 4.433226
33554432, read_async_direct, 16384, 80.011120, 6.343657
33554432, read_async_fadvise, 4, 72.312620, 14.171156
33554432, read_async_fadvise, 8, 65.378899, 1.781723
33554432, read_async_fadvise, 12, 66.100081, 3.835068
33554432, read_async_fadvise, 16, 67.527443, 3.813086
33554432, read_async_fadvise, 24, 64.735374, 0.537208
33554432, read_async_fadvise, 32, 72.556600, 11.437441
33554432, read_async_fadvise, 40, 66.621666, 3.420764
33554432, read_async_fadvise, 48, 63.837476, 0.131215
33554432, read_async_fadvise, 56, 65.526409, 2.579130
33554432, read_async_fadvise, 64, 66.555313, 2.949191
33554432, read_async_fadvise, 256, 69.011116, 4.211369
33554432, read_async_fadvise, 1024, 68.513001, 4.034532
33554432, read_async_fadvise, 4096, 71.275658, 5.725397
33554432, read_async_fadvise, 16384, 82.525077, 12.062499
33554432, mmap_plain, 0, 66.083348, 0.134256
33554432, mmap_direct, 0, 66.090532, 0.241600
33554432, mmap_fadvise, 0, 72.900895, 12.743915
4194304, read_plain, 4, 9.791418, 0.186247
4194304, read_plain, 8, 9.139189, 0.433841
4194304, read_plain, 12, 8.841225, 0.227460
4194304, read_plain, 16, 9.470534, 0.375454
4194304, read_plain, 24, 11.178721, 3.416393
4194304, read_plain, 32, 12.122816, 4.719745
4194304, read_plain, 40, 11.648059, 3.937591
4194304, read_plain, 48, 9.008795, 0.307663
4194304, read_plain, 56, 9.224557, 0.436578
4194304, read_plain, 64, 13.764879, 4.617987
4194304, read_plain, 256, 10.194947, 0.378131
4194304, read_plain, 1024, 12.691268, 4.690748
4194304, read_plain, 4096, 13.359116, 4.139756
4194304, read_direct, 4, 46.967150, 1.130123
4194304, read_direct, 8, 30.657575, 0.330363
4194304, read_direct, 12, 25.665674, 0.101122
4194304, read_direct, 16, 24.976765, 5.564129
4194304, read_direct, 24, 19.501369, 0.503867
4194304, read_direct, 32, 18.189612, 0.367573
4194304, read_direct, 40, 20.076976, 3.966519
4194304, read_direct, 48, 18.439211, 1.346880
4194304, read_direct, 56, 18.617736, 0.608063
4194304, read_direct, 64, 20.978469, 5.234391
4194304, read_direct, 256, 17.697681, 1.791316
4194304, read_direct, 1024, 16.731324, 2.936062
4194304, read_direct, 4096, 11.995705, 0.831723
4194304, read_fadvise, 4, 9.067093, 0.386383
4194304, read_fadvise, 8, 8.991859, 0.410485
4194304, read_fadvise, 12, 9.186774, 0.355236
4194304, read_fadvise, 16, 9.157651, 0.504050
4194304, read_fadvise, 24, 9.024405, 0.130529
4194304, read_fadvise, 32, 9.100762, 0.393919
4194304, read_fadvise, 40, 9.063614, 0.380772
4194304, read_fadvise, 48, 9.475129, 0.439374
4194304, read_fadvise, 56, 10.786241, 1.118597
4194304, read_fadvise, 64, 9.610199, 1.047016
4194304, read_fadvise, 256, 10.260186, 1.097896
4194304, read_fadvise, 1024, 10.177498, 0.223487
4194304, read_fadvise, 4096, 10.629332, 0.316966
4194304, aio_read_direct, 4, 57.197948, 1.957276
4194304, aio_read_direct, 8, 35.548844, 2.083841
4194304, aio_read_direct, 12, 28.925390, 0.710843
4194304, aio_read_direct, 16, 25.561826, 0.652553
4194304, aio_read_direct, 24, 23.106661, 1.725670
4194304, aio_read_direct, 32, 27.410484, 8.660621
4194304, aio_read_direct, 40, 32.547782, 8.140166
4194304, aio_read_direct, 48, 34.404598, 15.774944
4194304, aio_read_direct, 56, 25.435727, 6.896539
4194304, aio_read_direct, 64, 21.723719, 2.704782
4194304, aio_read_direct, 256, 16.406459, 0.587129
4194304, aio_read_direct, 1024, 21.171935, 4.866797
4194304, aio_read_direct, 4096, 12.551758, 0.875679
4194304, aio_read_fadvise, 4, 15.747376, 4.971629
4194304, aio_read_fadvise, 8, 10.928254, 0.449435
4194304, aio_read_fadvise, 12, 10.978575, 1.518225
4194304, aio_read_fadvise, 16, 9.773000, 0.461225
4194304, aio_read_fadvise, 24, 10.085378, 0.223673
4194304, aio_read_fadvise, 32, 10.143658, 0.271938
4194304, aio_read_fadvise, 40, 15.290266, 5.026191
4194304, aio_read_fadvise, 48, 16.606624, 5.570054
4194304, aio_read_fadvise, 56, 11.345597, 3.864233
4194304, aio_read_fadvise, 64, 13.542618, 5.376528
4194304, aio_read_fadvise, 256, 18.486968, 4.413819
4194304, aio_read_fadvise, 1024, 10.963511, 0.848800
4194304, aio_read_fadvise, 4096, 11.704641, 1.217688
4194304, read_async_plain, 4, 9.303401, 0.692925
4194304, read_async_plain, 8, 8.885670, 0.098980
4194304, read_async_plain, 12, 9.378841, 0.583218
4194304, read_async_plain, 16, 9.687676, 0.142650
4194304, read_async_plain, 24, 10.112535, 1.998178
4194304, read_async_plain, 32, 9.304660, 0.356151
4194304, read_async_plain, 40, 11.068209, 3.408639
4194304, read_async_plain, 48, 19.144865, 18.100307
4194304, read_async_plain, 56, 10.222214, 0.302938
4194304, read_async_plain, 64, 11.320193, 3.511673
4194304, read_async_plain, 256, 13.342451, 3.238171
4194304, read_async_plain, 1024, 11.779093, 3.994840
4194304, read_async_plain, 4096, 13.078022, 5.016412
4194304, read_async_direct, 4, 48.946946, 8.576627
4194304, read_async_direct, 8, 31.855252, 5.206981
4194304, read_async_direct, 12, 24.315314, 0.566048
4194304, read_async_direct, 16, 21.275370, 0.396626
4194304, read_async_direct, 24, 23.250399, 4.630248
4194304, read_async_direct, 32, 22.432599, 4.626640
4194304, read_async_direct, 40, 17.953662, 1.109939
4194304, read_async_direct, 48, 17.824387, 1.132132
4194304, read_async_direct, 56, 19.228369, 4.045034
4194304, read_async_direct, 64, 17.068737, 0.690450
4194304, read_async_direct, 256, 15.677578, 0.207252
4194304, read_async_direct, 1024, 18.009888, 2.739068
4194304, read_async_direct, 4096, 11.916231, 0.156801
4194304, read_async_fadvise, 4, 9.662066, 0.324914
4194304, read_async_fadvise, 8, 9.225535, 0.452803
4194304, read_async_fadvise, 12, 10.730338, 1.694532
4194304, read_async_fadvise, 16, 9.488867, 0.749241
4194304, read_async_fadvise, 24, 9.186853, 0.428663
4194304, read_async_fadvise, 32, 9.430512, 0.689750
4194304, read_async_fadvise, 40, 9.134502, 0.161762
4194304, read_async_fadvise, 48, 9.088592, 0.122881
4194304, read_async_fadvise, 56, 9.812679, 0.528146
4194304, read_async_fadvise, 64, 12.024403, 3.445000
4194304, read_async_fadvise, 256, 11.881106, 4.088635
4194304, read_async_fadvise, 1024, 13.958383, 4.397570
4194304, read_async_fadvise, 4096, 13.116950, 1.737506
4194304, mmap_plain, 0, 10.991115, 3.829920
4194304, mmap_direct, 0, 10.762629, 1.190159
4194304, mmap_fadvise, 0, 9.796661, 0.987563
67108864, read_plain, 4, 125.090341, 0.473701
67108864, read_plain, 8, 125.187441, 0.589197
67108864, read_plain, 12, 135.033403, 13.583597
67108864, read_plain, 16, 158.944105, 28.168426
67108864, read_plain, 24, 151.883195, 17.810821
67108864, read_plain, 32, 152.230607, 24.157537
67108864, read_plain, 40, 179.865750, 26.689973
67108864, read_plain, 48, 132.797520, 7.555877
67108864, read_plain, 56, 135.000550, 18.585749
67108864, read_plain, 64, 125.376514, 0.280843
67108864, read_plain, 256, 160.990287, 27.909332
67108864, read_plain, 1024, 188.493333, 26.166913
67108864, read_plain, 4096, 160.643310, 40.551094
67108864, read_plain, 16384, 157.001571, 30.526280
67108864, read_plain, 65536, 233.706639, 26.899718
67108864, read_direct, 4, 1062.144379, 126.665048
67108864, read_direct, 8, 756.999417, 127.230031
67108864, read_direct, 12, 551.430435, 102.369412
67108864, read_direct, 16, 517.994886, 56.501412
67108864, read_direct, 24, 418.752606, 70.247983
67108864, read_direct, 32, 401.615269, 61.637454
67108864, read_direct, 40, 381.678343, 52.740080
67108864, read_direct, 48, 361.311371, 48.438094
67108864, read_direct, 56, 350.494113, 29.639915
67108864, read_direct, 64, 362.624611, 45.534076
67108864, read_direct, 256, 410.727159, 32.963001
67108864, read_direct, 1024, 345.686565, 39.666137
67108864, read_direct, 4096, 218.065337, 31.629875
67108864, read_direct, 16384, 159.578330, 3.230821
67108864, read_direct, 65536, 159.951967, 6.877003
67108864, read_fadvise, 4, 157.895122, 13.992064
67108864, read_fadvise, 8, 150.067299, 34.758463
67108864, read_fadvise, 12, 140.025476, 15.698622
67108864, read_fadvise, 16, 137.643962, 16.373621
67108864, read_fadvise, 24, 154.463309, 12.036380
67108864, read_fadvise, 32, 145.510673, 14.206652
67108864, read_fadvise, 40, 129.675390, 8.308696
67108864, read_fadvise, 48, 139.583361, 20.758854
67108864, read_fadvise, 56, 124.766486, 0.478889
67108864, read_fadvise, 64, 126.448703, 4.492976
67108864, read_fadvise, 256, 135.393115, 19.235414
67108864, read_fadvise, 1024, 162.026241, 16.995443
67108864, read_fadvise, 4096, 173.700428, 31.000209
67108864, read_fadvise, 16384, 191.331506, 25.571061
67108864, read_fadvise, 65536, 171.785542, 19.376390
67108864, aio_read_direct, 4, 1347.885456, 107.111959
67108864, aio_read_direct, 8, 958.081939, 113.765356
67108864, aio_read_direct, 12, 627.750138, 116.227067
67108864, aio_read_direct, 16, 446.724382, 68.658006
67108864, aio_read_direct, 24, 399.891782, 35.171315
67108864, aio_read_direct, 32, 297.359006, 19.595654
67108864, aio_read_direct, 40, 377.594975, 48.942754
67108864, aio_read_direct, 48, 359.642104, 73.642528
67108864, aio_read_direct, 56, 319.296357, 56.880602
67108864, aio_read_direct, 64, 378.442885, 71.809210
67108864, aio_read_direct, 256, 347.882035, 30.763916
67108864, aio_read_direct, 1024, 258.266813, 25.584335
67108864, aio_read_direct, 4096, 183.593717, 10.119393
67108864, aio_read_direct, 16384, 153.762465, 11.186793
67108864, aio_read_direct, 65536, 146.433873, 2.339678
67108864, aio_read_fadvise, 4, 204.838964, 13.020121
67108864, aio_read_fadvise, 8, 176.656851, 22.792488
67108864, aio_read_fadvise, 12, 143.763679, 11.906588
67108864, aio_read_fadvise, 16, 151.592775, 17.353274
67108864, aio_read_fadvise, 24, 133.809972, 16.602206
67108864, aio_read_fadvise, 32, 124.283438, 0.421094
67108864, aio_read_fadvise, 40, 128.490069, 8.402953
67108864, aio_read_fadvise, 48, 125.180636, 1.618319
67108864, aio_read_fadvise, 56, 143.901799, 29.243185
67108864, aio_read_fadvise, 64, 142.554354, 9.918166
67108864, aio_read_fadvise, 256, 135.435284, 16.133190
67108864, aio_read_fadvise, 1024, 143.682898, 15.400085
67108864, aio_read_fadvise, 4096, 146.675001, 14.241020
67108864, aio_read_fadvise, 16384, 174.371130, 29.513300
67108864, aio_read_fadvise, 65536, 168.625669, 24.313390
67108864, read_async_plain, 4, 135.746657, 5.208524
67108864, read_async_plain, 8, 136.676563, 4.868990
67108864, read_async_plain, 12, 130.376555, 4.152563
67108864, read_async_plain, 16, 131.272105, 8.665514
67108864, read_async_plain, 24, 131.597009, 5.329268
67108864, read_async_plain, 32, 138.621087, 9.139936
67108864, read_async_plain, 40, 130.314488, 4.249959
67108864, read_async_plain, 48, 129.034453, 4.937700
67108864, read_async_plain, 56, 126.781085, 1.227275
67108864, read_async_plain, 64, 132.405329, 7.943684
67108864, read_async_plain, 256, 132.830314, 5.699875
67108864, read_async_plain, 1024, 136.947758, 3.445174
67108864, read_async_plain, 4096, 143.871379, 10.759873
67108864, read_async_plain, 16384, 143.375519, 7.317073
67108864, read_async_plain, 65536, 168.391508, 32.965649
67108864, read_async_direct, 4, 798.831062, 32.818648
67108864, read_async_direct, 8, 463.780328, 14.213406
67108864, read_async_direct, 12, 387.078488, 6.000563
67108864, read_async_direct, 16, 355.848483, 15.889408
67108864, read_async_direct, 24, 290.721573, 5.922575
67108864, read_async_direct, 32, 282.207321, 6.923038
67108864, read_async_direct, 40, 261.903027, 4.706689
67108864, read_async_direct, 48, 249.914240, 5.440369
67108864, read_async_direct, 56, 249.341527, 12.808295
67108864, read_async_direct, 64, 253.751973, 10.262686
67108864, read_async_direct, 256, 212.976694, 7.622553
67108864, read_async_direct, 1024, 194.371871, 8.382572
67108864, read_async_direct, 4096, 161.581334, 3.397565
67108864, read_async_direct, 16384, 142.184521, 0.219213
67108864, read_async_direct, 65536, 161.997834, 8.018535
67108864, read_async_fadvise, 4, 129.648279, 0.435241
67108864, read_async_fadvise, 8, 130.083733, 0.998752
67108864, read_async_fadvise, 12, 130.848280, 1.026418
67108864, read_async_fadvise, 16, 139.239608, 5.036663
67108864, read_async_fadvise, 24, 133.534791, 5.020415
67108864, read_async_fadvise, 32, 131.471121, 3.744221
67108864, read_async_fadvise, 40, 135.274843, 11.678847
67108864, read_async_fadvise, 48, 129.762902, 0.634672
67108864, read_async_fadvise, 56, 135.025957, 4.307073
67108864, read_async_fadvise, 64, 140.952424, 6.003751
67108864, read_async_fadvise, 256, 139.778435, 0.510052
67108864, read_async_fadvise, 1024, 140.947670, 2.225162
67108864, read_async_fadvise, 4096, 146.373756, 6.659763
67108864, read_async_fadvise, 16384, 145.222827, 3.457584
67108864, read_async_fadvise, 65536, 200.228015, 23.341150
67108864, mmap_plain, 0, 135.537689, 8.456277
67108864, mmap_direct, 0, 131.822523, 1.553736
67108864, mmap_fadvise, 0, 133.359083, 3.510928
83886080, read_plain, 4, 166.884810, 4.953050
83886080, read_plain, 8, 164.401878, 0.214541
83886080, read_plain, 12, 194.311952, 43.311546
83886080, read_plain, 16, 206.600900, 18.524270
83886080, read_plain, 24, 218.029673, 48.340079
83886080, read_plain, 32, 242.762261, 12.355611
83886080, read_plain, 40, 170.915105, 9.689052
83886080, read_plain, 48, 195.695207, 34.761256
83886080, read_plain, 56, 212.744296, 22.872814
83886080, read_plain, 64, 210.718424, 36.174770
83886080, read_plain, 256, 169.805818, 8.381413
83886080, read_plain, 1024, 234.650288, 52.875605
83886080, read_plain, 4096, 233.232614, 51.412142
83886080, read_plain, 16384, 222.246714, 26.988284
83886080, read_plain, 65536, 197.660490, 12.157471
83886080, read_direct, 4, 1292.621986, 154.981683
83886080, read_direct, 8, 913.993469, 88.539646
83886080, read_direct, 12, 689.480890, 129.321822
83886080, read_direct, 16, 622.335309, 100.742373
83886080, read_direct, 24, 566.082491, 68.483183
83886080, read_direct, 32, 513.774299, 78.927576
83886080, read_direct, 40, 549.702217, 99.416249
83886080, read_direct, 48, 558.873107, 64.761194
83886080, read_direct, 56, 513.667994, 81.574697
83886080, read_direct, 64, 524.044156, 65.888480
83886080, read_direct, 256, 506.675047, 21.746672
83886080, read_direct, 1024, 421.493499, 72.631661
83886080, read_direct, 4096, 257.848807, 26.010422
83886080, read_direct, 16384, 209.630181, 10.744258
83886080, read_direct, 65536, 185.807703, 3.933613
83886080, read_fadvise, 4, 229.784168, 64.233536
83886080, read_fadvise, 8, 165.192326, 12.859183
83886080, read_fadvise, 12, 176.904377, 20.837750
83886080, read_fadvise, 16, 168.364215, 10.477970
83886080, read_fadvise, 24, 159.462980, 2.255006
83886080, read_fadvise, 32, 211.031723, 33.655452
83886080, read_fadvise, 40, 178.837982, 20.247375
83886080, read_fadvise, 48, 172.255697, 8.746422
83886080, read_fadvise, 56, 202.110135, 38.091219
83886080, read_fadvise, 64, 223.904332, 32.023958
83886080, read_fadvise, 256, 179.349235, 29.674018
83886080, read_fadvise, 1024, 213.996257, 59.119253
83886080, read_fadvise, 4096, 224.535714, 15.106886
83886080, read_fadvise, 16384, 226.125068, 38.098147
83886080, read_fadvise, 65536, 203.096163, 31.425559
83886080, aio_read_direct, 4, 1590.288222, 55.031535
83886080, aio_read_direct, 8, 1087.593180, 220.650859
83886080, aio_read_direct, 12, 721.603595, 91.267614
83886080, aio_read_direct, 16, 587.845238, 103.325202
83886080, aio_read_direct, 24, 470.862723, 71.681172
83886080, aio_read_direct, 32, 368.652599, 26.028323
83886080, aio_read_direct, 40, 428.709621, 67.903986
83886080, aio_read_direct, 48, 447.800321, 52.182005
83886080, aio_read_direct, 56, 484.928944, 110.948758
83886080, aio_read_direct, 64, 459.276719, 78.174581
83886080, aio_read_direct, 256, 445.059827, 37.619797
83886080, aio_read_direct, 1024, 373.342394, 30.142107
83886080, aio_read_direct, 4096, 213.238242, 3.204863
83886080, aio_read_direct, 16384, 177.664962, 5.548747
83886080, aio_read_direct, 65536, 173.778678, 12.452833
83886080, aio_read_fadvise, 4, 251.877791, 3.327596
83886080, aio_read_fadvise, 8, 199.201262, 18.704310
83886080, aio_read_fadvise, 12, 177.505234, 13.581139
83886080, aio_read_fadvise, 16, 186.799054, 35.193665
83886080, aio_read_fadvise, 24, 185.825691, 18.343372
83886080, aio_read_fadvise, 32, 206.449877, 12.531466
83886080, aio_read_fadvise, 40, 180.512053, 12.194557
83886080, aio_read_fadvise, 48, 174.910621, 11.913268
83886080, aio_read_fadvise, 56, 186.018428, 16.431084
83886080, aio_read_fadvise, 64, 168.372595, 6.434661
83886080, aio_read_fadvise, 256, 182.974319, 25.106904
83886080, aio_read_fadvise, 1024, 190.371873, 26.374855
83886080, aio_read_fadvise, 4096, 210.145398, 29.696272
83886080, aio_read_fadvise, 16384, 203.298586, 37.106488
83886080, aio_read_fadvise, 65536, 209.142025, 27.815944
83886080, read_async_plain, 4, 181.404442, 20.396523
83886080, read_async_plain, 8, 171.461728, 6.777186
83886080, read_async_plain, 12, 174.665575, 8.592958
83886080, read_async_plain, 16, 169.305317, 5.042427
83886080, read_async_plain, 24, 164.508125, 6.595638
83886080, read_async_plain, 32, 163.331875, 3.668985
83886080, read_async_plain, 40, 163.159914, 1.188443
83886080, read_async_plain, 48, 175.135786, 14.050308
83886080, read_async_plain, 56, 171.902074, 0.951566
83886080, read_async_plain, 64, 177.656056, 11.643224
83886080, read_async_plain, 256, 184.732117, 21.448184
83886080, read_async_plain, 1024, 173.634401, 3.057717
83886080, read_async_plain, 4096, 180.048843, 9.797935
83886080, read_async_plain, 16384, 179.564069, 11.111894
83886080, read_async_plain, 65536, 202.175526, 29.627361
83886080, read_async_direct, 4, 994.374584, 24.098158
83886080, read_async_direct, 8, 602.040667, 9.914072
83886080, read_async_direct, 12, 498.775939, 25.369060
83886080, read_async_direct, 16, 442.945561, 10.453959
83886080, read_async_direct, 24, 398.773571, 14.279811
83886080, read_async_direct, 32, 347.543896, 6.059567
83886080, read_async_direct, 40, 331.240708, 8.495368
83886080, read_async_direct, 48, 323.477410, 18.154812
83886080, read_async_direct, 56, 320.775796, 6.890614
83886080, read_async_direct, 64, 311.352324, 4.474537
83886080, read_async_direct, 256, 280.190605, 14.335208
83886080, read_async_direct, 1024, 249.703292, 4.497114
83886080, read_async_direct, 4096, 204.594021, 1.428673
83886080, read_async_direct, 16384, 184.119503, 4.440278
83886080, read_async_direct, 65536, 179.455609, 3.993773
83886080, read_async_fadvise, 4, 172.814438, 7.032829
83886080, read_async_fadvise, 8, 174.051234, 8.830915
83886080, read_async_fadvise, 12, 175.891219, 2.050760
83886080, read_async_fadvise, 16, 181.027604, 9.081402
83886080, read_async_fadvise, 24, 170.833220, 3.768950
83886080, read_async_fadvise, 32, 171.038684, 10.979711
83886080, read_async_fadvise, 40, 172.566855, 8.821963
83886080, read_async_fadvise, 48, 172.801014, 4.034411
83886080, read_async_fadvise, 56, 181.905827, 12.145452
83886080, read_async_fadvise, 64, 179.309906, 20.490663
83886080, read_async_fadvise, 256, 162.780968, 4.281039
83886080, read_async_fadvise, 1024, 172.026638, 14.711735
83886080, read_async_fadvise, 4096, 163.487078, 3.471365
83886080, read_async_fadvise, 16384, 178.845043, 10.107878
83886080, read_async_fadvise, 65536, 184.863471, 9.007051
83886080, mmap_plain, 0, 189.366037, 19.804577
83886080, mmap_direct, 0, 249.716414, 47.646785
83886080, mmap_fadvise, 0, 160.954911, 0.288071
8388608, read_plain, 4, 16.850194, 0.454303
8388608, read_plain, 8, 16.619721, 0.432467
8388608, read_plain, 12, 16.646346, 0.340766
8388608, read_plain, 16, 18.021820, 1.831248
8388608, read_plain, 24, 21.285113, 7.236348
8388608, read_plain, 32, 17.205253, 1.494803
8388608, read_plain, 40, 17.345537, 0.379593
8388608, read_plain, 48, 17.962697, 1.550875
8388608, read_plain, 56, 16.921041, 0.399434
8388608, read_plain, 64, 17.203482, 0.504137
8388608, read_plain, 256, 20.224062, 6.237482
8388608, read_plain, 1024, 19.780416, 1.607927
8388608, read_plain, 4096, 21.287797, 5.084470
8388608, read_direct, 4, 101.375697, 7.420535
8388608, read_direct, 8, 66.408394, 5.968384
8388608, read_direct, 12, 52.153276, 3.071513
8388608, read_direct, 16, 46.876816, 6.492654
8388608, read_direct, 24, 42.513671, 8.630113
8388608, read_direct, 32, 45.884360, 12.290383
8388608, read_direct, 40, 38.754683, 7.952500
8388608, read_direct, 48, 42.478915, 9.231757
8388608, read_direct, 56, 35.609770, 2.086872
8388608, read_direct, 64, 38.629568, 6.884557
8388608, read_direct, 256, 42.577821, 7.649227
8388608, read_direct, 1024, 37.937574, 6.750789
8388608, read_direct, 4096, 28.124184, 3.603736
8388608, read_fadvise, 4, 16.707531, 0.405381
8388608, read_fadvise, 8, 16.658374, 0.400223
8388608, read_fadvise, 12, 16.449794, 0.055482
8388608, read_fadvise, 16, 19.848718, 5.386481
8388608, read_fadvise, 24, 16.881366, 0.494705
8388608, read_fadvise, 32, 16.934069, 0.638434
8388608, read_fadvise, 40, 17.318232, 0.186993
8388608, read_fadvise, 48, 19.946950, 4.934621
8388608, read_fadvise, 56, 17.444991, 0.527663
8388608, read_fadvise, 64, 17.642000, 0.143576
8388608, read_fadvise, 256, 18.116631, 1.204273
8388608, read_fadvise, 1024, 22.452080, 4.936066
8388608, read_fadvise, 4096, 21.249822, 1.526078
8388608, aio_read_direct, 4, 142.953729, 24.548572
8388608, aio_read_direct, 8, 69.798923, 3.348045
8388608, aio_read_direct, 12, 53.183383, 0.851359
8388608, aio_read_direct, 16, 47.745922, 1.297191
8388608, aio_read_direct, 24, 41.560787, 1.192452
8388608, aio_read_direct, 32, 40.136373, 3.179692
8388608, aio_read_direct, 40, 42.385204, 5.937343
8388608, aio_read_direct, 48, 37.384491, 1.826408
8388608, aio_read_direct, 56, 34.931495, 2.844510
8388608, aio_read_direct, 64, 42.366863, 2.098290
8388608, aio_read_direct, 256, 38.787885, 8.879361
8388608, aio_read_direct, 1024, 41.494566, 6.063492
8388608, aio_read_direct, 4096, 28.771730, 5.803728
8388608, aio_read_fadvise, 4, 33.264719, 9.325142
8388608, aio_read_fadvise, 8, 20.179571, 0.434319
8388608, aio_read_fadvise, 12, 18.567094, 0.455930
8388608, aio_read_fadvise, 16, 22.252385, 6.078642
8388608, aio_read_fadvise, 24, 18.847560, 3.816193
8388608, aio_read_fadvise, 32, 17.279025, 0.542816
8388608, aio_read_fadvise, 40, 17.653370, 1.501879
8388608, aio_read_fadvise, 48, 21.514887, 5.763785
8388608, aio_read_fadvise, 56, 18.461355, 2.732212
8388608, aio_read_fadvise, 64, 18.208964, 0.943879
8388608, aio_read_fadvise, 256, 19.680014, 3.393706
8388608, aio_read_fadvise, 1024, 18.432205, 0.134088
8388608, aio_read_fadvise, 4096, 23.052226, 4.494920
8388608, read_async_plain, 4, 17.020669, 0.455489
8388608, read_async_plain, 8, 18.230784, 2.088608
8388608, read_async_plain, 12, 17.243969, 0.810516
8388608, read_async_plain, 16, 19.207567, 3.100390
8388608, read_async_plain, 24, 18.628987, 1.508625
8388608, read_async_plain, 32, 19.083038, 3.855871
8388608, read_async_plain, 40, 23.214241, 7.735134
8388608, read_async_plain, 48, 19.165005, 1.596083
8388608, read_async_plain, 56, 17.135593, 0.261692
8388608, read_async_plain, 64, 19.088694, 3.534561
8388608, read_async_plain, 256, 22.655070, 4.316312
8388608, read_async_plain, 1024, 23.975652, 3.743848
8388608, read_async_plain, 4096, 22.041052, 4.878126
8388608, read_async_direct, 4, 93.254264, 4.381784
8388608, read_async_direct, 8, 64.412409, 6.172620
8388608, read_async_direct, 12, 48.164116, 2.095583
8388608, read_async_direct, 16, 50.566022, 8.045456
8388608, read_async_direct, 24, 40.283470, 5.115054
8388608, read_async_direct, 32, 37.352989, 3.893799
8388608, read_async_direct, 40, 33.698161, 3.529020
8388608, read_async_direct, 48, 32.911502, 3.277823
8388608, read_async_direct, 56, 31.669120, 0.371776
8388608, read_async_direct, 64, 31.192082, 0.708798
8388608, read_async_direct, 256, 27.195728, 0.333614
8388608, read_async_direct, 1024, 32.171854, 5.678985
8388608, read_async_direct, 4096, 30.022465, 2.287545
8388608, read_async_fadvise, 4, 16.731804, 0.452793
8388608, read_async_fadvise, 8, 27.212034, 21.393508
8388608, read_async_fadvise, 12, 17.461740, 0.621697
8388608, read_async_fadvise, 16, 21.709262, 5.683566
8388608, read_async_fadvise, 24, 16.856387, 0.458996
8388608, read_async_fadvise, 32, 20.785344, 4.832275
8388608, read_async_fadvise, 40, 20.476602, 4.424457
8388608, read_async_fadvise, 48, 21.707311, 6.510233
8388608, read_async_fadvise, 56, 20.196399, 4.454096
8388608, read_async_fadvise, 64, 21.351075, 4.848000
8388608, read_async_fadvise, 256, 21.984808, 3.947248
8388608, read_async_fadvise, 1024, 24.370086, 4.819595
8388608, read_async_fadvise, 4096, 19.717133, 0.505373
8388608, mmap_plain, 0, 17.055599, 0.234881
8388608, mmap_direct, 0, 16.876908, 0.087902
8388608, mmap_fadvise, 0, 17.063585, 0.216994
100663296, read_plain, 4, 194.238683, 3.587075
100663296, read_plain, 8, 188.470131, 0.495342
100663296, read_plain, 12, 199.281955, 19.677428
100663296, read_plain, 16, 206.128066, 33.860803
100663296, read_plain, 24, 199.225383, 20.449386
100663296, read_plain, 32, 271.513351, 16.172197
100663296, read_plain, 40, 237.440390, 40.074082
100663296, read_plain, 48, 239.379509, 35.288994
100663296, read_plain, 56, 238.784491, 32.164943
100663296, read_plain, 64, 222.638557, 21.975676
100663296, read_plain, 256, 280.069381, 35.753352
100663296, read_plain, 1024, 276.571534, 38.982851
100663296, read_plain, 4096, 268.673106, 36.011256
100663296, read_plain, 16384, 248.108142, 40.983983
100663296, read_plain, 65536, 241.436895, 23.234901
100663296, read_direct, 4, 1506.583795, 153.677086
100663296, read_direct, 8, 736.096135, 13.515981
100663296, read_direct, 12, 598.705398, 10.963369
100663296, read_direct, 16, 547.264015, 16.161809
100663296, read_direct, 24, 863.550618, 590.722049
100663296, read_direct, 32, 632.068363, 80.490081
100663296, read_direct, 40, 631.469358, 87.726796
100663296, read_direct, 48, 629.226165, 87.875969
100663296, read_direct, 56, 667.952318, 69.925350
100663296, read_direct, 64, 551.715036, 48.240185
100663296, read_direct, 256, 722.883124, 63.858243
100663296, read_direct, 1024, 806.687106, 151.198611
100663296, read_direct, 4096, 326.951483, 45.748587
100663296, read_direct, 16384, 234.219410, 6.353228
100663296, read_direct, 65536, 223.730567, 4.067885
100663296, read_fadvise, 4, 252.177425, 39.050752
100663296, read_fadvise, 8, 226.705697, 38.929665
100663296, read_fadvise, 12, 252.975215, 67.254466
100663296, read_fadvise, 16, 225.469164, 30.131904
100663296, read_fadvise, 24, 242.660357, 49.322100
100663296, read_fadvise, 32, 214.474862, 29.571489
100663296, read_fadvise, 40, 270.225695, 45.766714
100663296, read_fadvise, 48, 218.671099, 18.362865
100663296, read_fadvise, 56, 229.594313, 51.584198
100663296, read_fadvise, 64, 249.064512, 27.538051
100663296, read_fadvise, 256, 208.626432, 31.250485
100663296, read_fadvise, 1024, 303.666028, 27.347317
100663296, read_fadvise, 4096, 310.224957, 46.411491
100663296, read_fadvise, 16384, 223.657214, 15.739779
100663296, read_fadvise, 65536, 233.762922, 17.503878
100663296, aio_read_direct, 4, 1937.086680, 273.388619
100663296, aio_read_direct, 8, 1115.946872, 153.667419
100663296, aio_read_direct, 12, 921.398315, 70.944805
100663296, aio_read_direct, 16, 706.348679, 123.645747
100663296, aio_read_direct, 24, 579.129839, 74.869096
100663296, aio_read_direct, 32, 472.723112, 31.398751
100663296, aio_read_direct, 40, 560.617426, 122.745820
100663296, aio_read_direct, 48, 539.654931, 142.750020
100663296, aio_read_direct, 56, 560.495632, 75.902270
100663296, aio_read_direct, 64, 542.652142, 111.837485
100663296, aio_read_direct, 256, 564.042004, 55.043973
100663296, aio_read_direct, 1024, 444.369675, 61.277305
100663296, aio_read_direct, 4096, 264.407501, 15.093562
100663296, aio_read_direct, 16384, 216.210844, 1.923426
100663296, aio_read_direct, 65536, 210.641095, 3.447114
100663296, aio_read_fadvise, 4, 327.131243, 17.054677
100663296, aio_read_fadvise, 8, 249.942507, 15.153687
100663296, aio_read_fadvise, 12, 230.583241, 7.498474
100663296, aio_read_fadvise, 16, 255.678915, 37.818102
100663296, aio_read_fadvise, 24, 221.684697, 34.828561
100663296, aio_read_fadvise, 32, 199.754537, 8.060013
100663296, aio_read_fadvise, 40, 213.574058, 27.061515
100663296, aio_read_fadvise, 48, 205.130797, 13.998497
100663296, aio_read_fadvise, 56, 220.888727, 23.433759
100663296, aio_read_fadvise, 64, 206.135358, 20.311910
100663296, aio_read_fadvise, 256, 190.099035, 1.688594
100663296, aio_read_fadvise, 1024, 208.842498, 13.844794
100663296, aio_read_fadvise, 4096, 240.272244, 37.519480
100663296, aio_read_fadvise, 16384, 229.513092, 21.577619
100663296, aio_read_fadvise, 65536, 256.672273, 38.994420
100663296, read_async_plain, 4, 208.347011, 10.048781
100663296, read_async_plain, 8, 197.379509, 4.826758
100663296, read_async_plain, 12, 199.497053, 3.413328
100663296, read_async_plain, 16, 193.536138, 1.858697
100663296, read_async_plain, 24, 192.436764, 0.525016
100663296, read_async_plain, 32, 200.314882, 7.239677
100663296, read_async_plain, 40, 195.656028, 4.197288
100663296, read_async_plain, 48, 196.291909, 3.662204
100663296, read_async_plain, 56, 204.373023, 5.384413
100663296, read_async_plain, 64, 207.394012, 10.739413
100663296, read_async_plain, 256, 220.392530, 17.417852
100663296, read_async_plain, 1024, 203.383838, 3.526324
100663296, read_async_plain, 4096, 215.288677, 9.788848
100663296, read_async_plain, 16384, 207.368241, 8.027378
100663296, read_async_plain, 65536, 234.912341, 26.886895
100663296, read_async_direct, 4, 1195.081244, 18.198799
100663296, read_async_direct, 8, 731.399072, 26.304295
100663296, read_async_direct, 12, 612.968567, 17.075641
100663296, read_async_direct, 16, 531.938684, 16.869285
100663296, read_async_direct, 24, 455.895486, 13.628320
100663296, read_async_direct, 32, 415.859156, 4.421235
100663296, read_async_direct, 40, 403.332179, 8.378978
100663296, read_async_direct, 48, 396.075888, 13.970269
100663296, read_async_direct, 56, 370.344331, 10.858856
100663296, read_async_direct, 64, 377.396582, 5.656788
100663296, read_async_direct, 256, 329.626354, 7.160277
100663296, read_async_direct, 1024, 302.492595, 4.786414
100663296, read_async_direct, 4096, 241.325265, 4.884178
100663296, read_async_direct, 16384, 212.829722, 9.602181
100663296, read_async_direct, 65536, 204.876614, 3.960436
100663296, read_async_fadvise, 4, 198.338598, 4.566779
100663296, read_async_fadvise, 8, 201.247271, 1.956241
100663296, read_async_fadvise, 12, 205.298292, 13.119268
100663296, read_async_fadvise, 16, 208.891352, 14.637848
100663296, read_async_fadvise, 24, 200.571104, 1.376777
100663296, read_async_fadvise, 32, 203.909866, 3.639134
100663296, read_async_fadvise, 40, 201.718652, 11.938298
100663296, read_async_fadvise, 48, 198.387493, 4.351025
100663296, read_async_fadvise, 56, 201.950914, 3.259720
100663296, read_async_fadvise, 64, 201.894104, 2.916983
100663296, read_async_fadvise, 256, 196.810801, 4.259038
100663296, read_async_fadvise, 1024, 201.819205, 2.082531
100663296, read_async_fadvise, 4096, 198.404311, 10.476810
100663296, read_async_fadvise, 16384, 206.859410, 3.729025
100663296, read_async_fadvise, 65536, 207.839477, 4.252599
100663296, mmap_plain, 0, 260.147729, 19.937462
100663296, mmap_direct, 0, 230.733135, 22.806461
100663296, mmap_fadvise, 0, 224.744312, 30.369068
