114688, read_plain, 4, 0.078959, 0.021783
114688, read_plain, 8, 0.052010, 0.020456
114688, read_plain, 12, 0.040482, 0.002042
114688, read_plain, 16, 0.046488, 0.018735
114688, read_plain, 24, 0.035867, 0.000832
114688, read_plain, 32, 0.037545, 0.004373
114688, read_plain, 40, 0.043181, 0.015592
114688, read_plain, 48, 0.045261, 0.011193
114688, read_plain, 56, 0.050136, 0.000496
114688, read_plain, 64, 0.050189, 0.000548
114688, read_nocache, 4, 0.084488, 0.011520
114688, read_nocache, 8, 0.062646, 0.001037
114688, read_nocache, 12, 0.058241, 0.000571
114688, read_nocache, 16, 0.055333, 0.000521
114688, read_nocache, 24, 0.056176, 0.005486
114688, read_nocache, 32, 0.052759, 0.000797
114688, read_nocache, 40, 0.049036, 0.009606
114688, read_nocache, 48, 0.042293, 0.000514
114688, read_nocache, 56, 0.041327, 0.000481
114688, read_nocache, 64, 0.041541, 0.000615
114688, read_rdahead, 4, 0.065924, 0.004153
114688, read_rdahead, 8, 0.076059, 0.015986
114688, read_rdahead, 12, 0.051123, 0.002558
114688, read_rdahead, 16, 0.047946, 0.002861
114688, read_rdahead, 24, 0.046043, 0.001735
114688, read_rdahead, 32, 0.045711, 0.003318
114688, read_rdahead, 40, 0.043922, 0.002069
114688, read_rdahead, 48, 0.042939, 0.000905
114688, read_rdahead, 56, 0.041911, 0.000564
114688, read_rdahead, 64, 0.044652, 0.003125
114688, read_rdadvise, 4, 0.083767, 0.028601
114688, read_rdadvise, 8, 0.045224, 0.001019
114688, read_rdadvise, 12, 0.041895, 0.000691
114688, read_rdadvise, 16, 0.039729, 0.000696
114688, read_rdadvise, 24, 0.038465, 0.000473
114688, read_rdadvise, 32, 0.037956, 0.000991
114688, read_rdadvise, 40, 0.038120, 0.000985
114688, read_rdadvise, 48, 0.037725, 0.000606
114688, read_rdadvise, 56, 0.036969, 0.000484
114688, read_rdadvise, 64, 0.036953, 0.000614
114688, read_async_nocache, 4, 0.084595, 0.021572
114688, read_async_nocache, 8, 0.055383, 0.006072
114688, read_async_nocache, 12, 0.051458, 0.001633
114688, read_async_nocache, 16, 0.057221, 0.008983
114688, read_async_nocache, 24, 0.052430, 0.001286
114688, read_async_nocache, 32, 0.055047, 0.005357
114688, read_async_nocache, 40, 0.055736, 0.006434
114688, read_async_nocache, 48, 0.055483, 0.007622
114688, read_async_nocache, 56, 0.055461, 0.007651
114688, read_async_nocache, 64, 0.053548, 0.006776
114688, read_async_rdahead, 4, 0.069314, 0.001679
114688, read_async_rdahead, 8, 0.054816, 0.001446
114688, read_async_rdahead, 12, 0.051654, 0.002711
114688, read_async_rdahead, 16, 0.051889, 0.000855
114688, read_async_rdahead, 24, 0.051486, 0.000816
114688, read_async_rdahead, 32, 0.051371, 0.000632
114688, read_async_rdahead, 40, 0.052344, 0.000876
114688, read_async_rdahead, 48, 0.051848, 0.001007
114688, read_async_rdahead, 56, 0.051272, 0.000994
114688, read_async_rdahead, 64, 0.051162, 0.001239
114688, read_async_rdadvise, 4, 0.083535, 0.013842
114688, read_async_rdadvise, 8, 0.112405, 0.030500
114688, read_async_rdadvise, 12, 0.100898, 0.013485
114688, read_async_rdadvise, 16, 0.087308, 0.014521
114688, read_async_rdadvise, 24, 0.065367, 0.019501
114688, read_async_rdadvise, 32, 0.054093, 0.004614
114688, read_async_rdadvise, 40, 0.053112, 0.000917
114688, read_async_rdadvise, 48, 0.052769, 0.000740
114688, read_async_rdadvise, 56, 0.052287, 0.000799
114688, read_async_rdadvise, 64, 0.051406, 0.001213
114688, mmap_plain, 0, 0.066047, 0.011957
114688, mmap_nocache, 0, 0.060186, 0.000628
114688, mmap_rdahead, 0, 0.060113, 0.000497
114688, mmap_rdadvise, 0, 0.062425, 0.002819
131072, read_plain, 4, 0.065620, 0.012753
131072, read_plain, 8, 0.068813, 0.018201
131072, read_plain, 12, 0.055745, 0.018869
131072, read_plain, 16, 0.047692, 0.013456
131072, read_plain, 24, 0.044715, 0.012878
131072, read_plain, 32, 0.045680, 0.012703
131072, read_plain, 40, 0.055063, 0.012471
131072, read_plain, 48, 0.051015, 0.009152
131072, read_plain, 56, 0.047308, 0.013282
131072, read_plain, 64, 0.043157, 0.010305
131072, read_nocache, 4, 0.085571, 0.036410
131072, read_nocache, 8, 0.048816, 0.001572
131072, read_nocache, 12, 0.048116, 0.004162
131072, read_nocache, 16, 0.044412, 0.003680
131072, read_nocache, 24, 0.043785, 0.003568
131072, read_nocache, 32, 0.040741, 0.002131
131072, read_nocache, 40, 0.041062, 0.002164
131072, read_nocache, 48, 0.040645, 0.002603
131072, read_nocache, 56, 0.040816, 0.002657
131072, read_nocache, 64, 0.047490, 0.016213
131072, read_rdahead, 4, 0.062070, 0.006530
131072, read_rdahead, 8, 0.050352, 0.002510
131072, read_rdahead, 12, 0.049343, 0.002600
131072, read_rdahead, 16, 0.046712, 0.003492
131072, read_rdahead, 24, 0.042519, 0.001241
131072, read_rdahead, 32, 0.042429, 0.004991
131072, read_rdahead, 40, 0.043242, 0.001208
131072, read_rdahead, 48, 0.055851, 0.014070
131072, read_rdahead, 56, 0.040551, 0.001146
131072, read_rdahead, 64, 0.038777, 0.001010
131072, read_rdadvise, 4, 0.075186, 0.022105
131072, read_rdadvise, 8, 0.057376, 0.007910
131072, read_rdadvise, 12, 0.045428, 0.001153
131072, read_rdadvise, 16, 0.043203, 0.000889
131072, read_rdadvise, 24, 0.042410, 0.001139
131072, read_rdadvise, 32, 0.040989, 0.000885
131072, read_rdadvise, 40, 0.042082, 0.001309
131072, read_rdadvise, 48, 0.040939, 0.000635
131072, read_rdadvise, 56, 0.040921, 0.000516
131072, read_rdadvise, 64, 0.040309, 0.000628
131072, read_async_nocache, 4, 0.087253, 0.024138
131072, read_async_nocache, 8, 0.058515, 0.005772
131072, read_async_nocache, 12, 0.055779, 0.001915
131072, read_async_nocache, 16, 0.054093, 0.000761
131072, read_async_nocache, 24, 0.055966, 0.004896
131072, read_async_nocache, 32, 0.057314, 0.006502
131072, read_async_nocache, 40, 0.056928, 0.005826
131072, read_async_nocache, 48, 0.057468, 0.006954
131072, read_async_nocache, 56, 0.057566, 0.007896
131072, read_async_nocache, 64, 0.056945, 0.008622
131072, read_async_rdahead, 4, 0.074952, 0.003756
131072, read_async_rdahead, 8, 0.056252, 0.002488
131072, read_async_rdahead, 12, 0.055683, 0.000686
131072, read_async_rdahead, 16, 0.054263, 0.000799
131072, read_async_rdahead, 24, 0.064466, 0.013705
131072, read_async_rdahead, 32, 0.085150, 0.018428
131072, read_async_rdahead, 40, 0.056653, 0.002427
131072, read_async_rdahead, 48, 0.054352, 0.000947
131072, read_async_rdahead, 56, 0.054147, 0.001322
131072, read_async_rdahead, 64, 0.053285, 0.001045
131072, read_async_rdadvise, 4, 0.080710, 0.010862
131072, read_async_rdadvise, 8, 0.081864, 0.020652
131072, read_async_rdadvise, 12, 0.059815, 0.005573
131072, read_async_rdadvise, 16, 0.059721, 0.004613
131072, read_async_rdadvise, 24, 0.057145, 0.003865
131072, read_async_rdadvise, 32, 0.057322, 0.004379
131072, read_async_rdadvise, 40, 0.058357, 0.003528
131072, read_async_rdadvise, 48, 0.056321, 0.001681
131072, read_async_rdadvise, 56, 0.055764, 0.001204
131072, read_async_rdadvise, 64, 0.055445, 0.001332
131072, mmap_plain, 0, 0.070521, 0.013077
131072, mmap_nocache, 0, 0.063866, 0.000469
131072, mmap_rdahead, 0, 0.064715, 0.000966
131072, mmap_rdadvise, 0, 0.065505, 0.000710
163840, read_plain, 4, 0.073357, 0.004585
163840, read_plain, 8, 0.056920, 0.002469
163840, read_plain, 12, 0.052367, 0.002168
163840, read_plain, 16, 0.049766, 0.002412
163840, read_plain, 24, 0.046772, 0.000454
163840, read_plain, 32, 0.047420, 0.005061
163840, read_plain, 40, 0.045443, 0.000779
163840, read_plain, 48, 0.045125, 0.000453
163840, read_plain, 56, 0.044370, 0.000369
163840, read_plain, 64, 0.044459, 0.000457
163840, read_nocache, 4, 0.075896, 0.007613
163840, read_nocache, 8, 0.056603, 0.000471
163840, read_nocache, 12, 0.052520, 0.000480
163840, read_nocache, 16, 0.049781, 0.000376
163840, read_nocache, 24, 0.049440, 0.003769
163840, read_nocache, 32, 0.046293, 0.000609
163840, read_nocache, 40, 0.045399, 0.000397
163840, read_nocache, 48, 0.045516, 0.000401
163840, read_nocache, 56, 0.044620, 0.000417
163840, read_nocache, 64, 0.044736, 0.000430
163840, read_rdahead, 4, 0.071159, 0.001880
163840, read_rdahead, 8, 0.056090, 0.000596
163840, read_rdahead, 12, 0.051904, 0.000700
163840, read_rdahead, 16, 0.049200, 0.000660
163840, read_rdahead, 24, 0.047047, 0.000559
163840, read_rdahead, 32, 0.045676, 0.000582
163840, read_rdahead, 40, 0.045585, 0.000630
163840, read_rdahead, 48, 0.045682, 0.000441
163840, read_rdahead, 56, 0.046396, 0.002040
163840, read_rdahead, 64, 0.045095, 0.000466
163840, read_rdadvise, 4, 0.073081, 0.002445
163840, read_rdadvise, 8, 0.057639, 0.000598
163840, read_rdadvise, 12, 0.053513, 0.000616
163840, read_rdadvise, 16, 0.051357, 0.001169
163840, read_rdadvise, 24, 0.048698, 0.000654
163840, read_rdadvise, 32, 0.047278, 0.000760
163840, read_rdadvise, 40, 0.047238, 0.000625
163840, read_rdadvise, 48, 0.047241, 0.000500
163840, read_rdadvise, 56, 0.046560, 0.000560
163840, read_rdadvise, 64, 0.046556, 0.000517
163840, read_async_nocache, 4, 0.092387, 0.017234
163840, read_async_nocache, 8, 0.066160, 0.002412
163840, read_async_nocache, 12, 0.076472, 0.011319
163840, read_async_nocache, 16, 0.079457, 0.018007
163840, read_async_nocache, 24, 0.058802, 0.001106
163840, read_async_nocache, 32, 0.066004, 0.005426
163840, read_async_nocache, 40, 0.067127, 0.013474
163840, read_async_nocache, 48, 0.066486, 0.013730
163840, read_async_nocache, 56, 0.065645, 0.012306
163840, read_async_nocache, 64, 0.067359, 0.017141
163840, read_async_rdahead, 4, 0.090213, 0.010891
163840, read_async_rdahead, 8, 0.060565, 0.000571
163840, read_async_rdahead, 12, 0.061495, 0.002081
163840, read_async_rdahead, 16, 0.063953, 0.005131
163840, read_async_rdahead, 24, 0.059817, 0.000978
163840, read_async_rdahead, 32, 0.061276, 0.001900
163840, read_async_rdahead, 40, 0.062595, 0.003092
163840, read_async_rdahead, 48, 0.060739, 0.002105
163840, read_async_rdahead, 56, 0.063008, 0.005064
163840, read_async_rdahead, 64, 0.061914, 0.007616
163840, read_async_rdadvise, 4, 0.088009, 0.005104
163840, read_async_rdadvise, 8, 0.061713, 0.001088
163840, read_async_rdadvise, 12, 0.059427, 0.002499
163840, read_async_rdadvise, 16, 0.060974, 0.000695
163840, read_async_rdadvise, 24, 0.060632, 0.000945
163840, read_async_rdadvise, 32, 0.060390, 0.000803
163840, read_async_rdadvise, 40, 0.061290, 0.000694
163840, read_async_rdadvise, 48, 0.061156, 0.000742
163840, read_async_rdadvise, 56, 0.061290, 0.001741
163840, read_async_rdadvise, 64, 0.060293, 0.000658
163840, mmap_plain, 0, 0.086824, 0.015027
163840, mmap_nocache, 0, 0.079397, 0.000816
163840, mmap_rdahead, 0, 0.079395, 0.000743
163840, mmap_rdadvise, 0, 0.080030, 0.000903
16384, read_plain, 4, 0.017449, 0.003004
16384, read_plain, 8, 0.015161, 0.002284
16384, read_plain, 12, 0.018455, 0.005161
16384, read_plain, 16, 0.014566, 0.002934
16384, read_nocache, 4, 0.036138, 0.027279
16384, read_nocache, 8, 0.015635, 0.001654
16384, read_nocache, 12, 0.015830, 0.001682
16384, read_nocache, 16, 0.018553, 0.006657
16384, read_rdahead, 4, 0.023106, 0.012035
16384, read_rdahead, 8, 0.015685, 0.002701
16384, read_rdahead, 12, 0.015174, 0.002111
16384, read_rdahead, 16, 0.014610, 0.002473
16384, read_rdadvise, 4, 0.021028, 0.002851
16384, read_rdadvise, 8, 0.018286, 0.003436
16384, read_rdadvise, 12, 0.015482, 0.000596
16384, read_rdadvise, 16, 0.014773, 0.000465
16384, read_async_nocache, 4, 0.057133, 0.020692
16384, read_async_nocache, 8, 0.066437, 0.030359
16384, read_async_nocache, 12, 0.064338, 0.026303
16384, read_async_nocache, 16, 0.043567, 0.003322
16384, read_async_rdahead, 4, 0.048621, 0.005207
16384, read_async_rdahead, 8, 0.041756, 0.004329
16384, read_async_rdahead, 12, 0.040790, 0.002442
16384, read_async_rdahead, 16, 0.058156, 0.021390
16384, read_async_rdadvise, 4, 0.050594, 0.007637
16384, read_async_rdadvise, 8, 0.040718, 0.003208
16384, read_async_rdadvise, 12, 0.050097, 0.009625
16384, read_async_rdadvise, 16, 0.058458, 0.012993
16384, mmap_plain, 0, 0.025623, 0.012280
16384, mmap_nocache, 0, 0.019485, 0.000794
16384, mmap_rdahead, 0, 0.019432, 0.000635
16384, mmap_rdadvise, 0, 0.019881, 0.000733
196608, read_plain, 4, 0.093389, 0.015415
196608, read_plain, 8, 0.136561, 0.035292
196608, read_plain, 12, 0.105299, 0.057567
196608, read_plain, 16, 0.078038, 0.015592
196608, read_plain, 24, 0.061963, 0.015691
196608, read_plain, 32, 0.061121, 0.016399
196608, read_plain, 40, 0.069981, 0.022485
196608, read_plain, 48, 0.058604, 0.016787
196608, read_plain, 56, 0.058300, 0.016091
196608, read_plain, 64, 0.057556, 0.011118
196608, read_nocache, 4, 0.095901, 0.026117
196608, read_nocache, 8, 0.083645, 0.024428
196608, read_nocache, 12, 0.074880, 0.018126
196608, read_nocache, 16, 0.066058, 0.016004
196608, read_nocache, 24, 0.063550, 0.015243
196608, read_nocache, 32, 0.060462, 0.016060
196608, read_nocache, 40, 0.058528, 0.013804
196608, read_nocache, 48, 0.058446, 0.015595
196608, read_nocache, 56, 0.058992, 0.016359
196608, read_nocache, 64, 0.058205, 0.016620
196608, read_rdahead, 4, 0.090833, 0.020087
196608, read_rdahead, 8, 0.107116, 0.045134
196608, read_rdahead, 12, 0.090847, 0.040144
196608, read_rdahead, 16, 0.087188, 0.013204
196608, read_rdahead, 24, 0.070948, 0.021473
196608, read_rdahead, 32, 0.066457, 0.011096
196608, read_rdahead, 40, 0.074871, 0.019711
196608, read_rdahead, 48, 0.064161, 0.020160
196608, read_rdahead, 56, 0.070749, 0.020369
196608, read_rdahead, 64, 0.068592, 0.011603
196608, read_rdadvise, 4, 0.117062, 0.030085
196608, read_rdadvise, 8, 0.072570, 0.013894
196608, read_rdadvise, 12, 0.068131, 0.013897
196608, read_rdadvise, 16, 0.064202, 0.013667
196608, read_rdadvise, 24, 0.066779, 0.013481
196608, read_rdadvise, 32, 0.054616, 0.000631
196608, read_rdadvise, 40, 0.054791, 0.001044
196608, read_rdadvise, 48, 0.053814, 0.000594
196608, read_rdadvise, 56, 0.053842, 0.000544
196608, read_rdadvise, 64, 0.062170, 0.010862
196608, read_async_nocache, 4, 0.118914, 0.038704
196608, read_async_nocache, 8, 0.078463, 0.012793
196608, read_async_nocache, 12, 0.074831, 0.016853
196608, read_async_nocache, 16, 0.068560, 0.008588
196608, read_async_nocache, 24, 0.072849, 0.013365
196608, read_async_nocache, 32, 0.073694, 0.016530
196608, read_async_nocache, 40, 0.072680, 0.017287
196608, read_async_nocache, 48, 0.069320, 0.009797
196608, read_async_nocache, 56, 0.070417, 0.013650
196608, read_async_nocache, 64, 0.069874, 0.012820
196608, read_async_rdahead, 4, 0.132316, 0.025758
196608, read_async_rdahead, 8, 0.112564, 0.028999
196608, read_async_rdahead, 12, 0.078352, 0.019185
196608, read_async_rdahead, 16, 0.076780, 0.014863
196608, read_async_rdahead, 24, 0.068105, 0.005811
196608, read_async_rdahead, 32, 0.069991, 0.009665
196608, read_async_rdahead, 40, 0.102803, 0.004286
196608, read_async_rdahead, 48, 0.097561, 0.007507
196608, read_async_rdahead, 56, 0.077077, 0.009842
196608, read_async_rdahead, 64, 0.104882, 0.020463
196608, read_async_rdadvise, 4, 0.099097, 0.005703
196608, read_async_rdadvise, 8, 0.075360, 0.004960
196608, read_async_rdadvise, 12, 0.068527, 0.001743
196608, read_async_rdadvise, 16, 0.076738, 0.013315
196608, read_async_rdadvise, 24, 0.071138, 0.006452
196608, read_async_rdadvise, 32, 0.077347, 0.012455
196608, read_async_rdadvise, 40, 0.067653, 0.003103
196608, read_async_rdadvise, 48, 0.066426, 0.000870
196608, read_async_rdadvise, 56, 0.066663, 0.001140
196608, read_async_rdadvise, 64, 0.067215, 0.002768
196608, mmap_plain, 0, 0.097846, 0.014974
196608, mmap_nocache, 0, 0.090589, 0.000916
196608, mmap_rdahead, 0, 0.090236, 0.000884
196608, mmap_rdadvise, 0, 0.090815, 0.000569
1024, mmap_plain, 0, 0.017955, 0.007750
1024, mmap_nocache, 0, 0.015638, 0.003802
1024, mmap_rdahead, 0, 0.015401, 0.002481
1024, mmap_rdadvise, 0, 0.014695, 0.001243
229376, read_plain, 4, 0.109892, 0.013329
229376, read_plain, 8, 0.082771, 0.010372
229376, read_plain, 12, 0.067186, 0.002536
229376, read_plain, 16, 0.073538, 0.018634
229376, read_plain, 24, 0.068939, 0.017778
229376, read_plain, 32, 0.082455, 0.026702
229376, read_plain, 40, 0.146603, 0.045373
229376, read_plain, 48, 0.074024, 0.027186
229376, read_plain, 56, 0.065038, 0.017034
229376, read_plain, 64, 0.063216, 0.013171
229376, read_nocache, 4, 0.112683, 0.026066
229376, read_nocache, 8, 0.081445, 0.009952
229376, read_nocache, 12, 0.068973, 0.001814
229376, read_nocache, 16, 0.065706, 0.002120
229376, read_nocache, 24, 0.063397, 0.002986
229376, read_nocache, 32, 0.067498, 0.012901
229376, read_nocache, 40, 0.058408, 0.000470
229376, read_nocache, 48, 0.058242, 0.001536
229376, read_nocache, 56, 0.085138, 0.033382
229376, read_nocache, 64, 0.079830, 0.027789
229376, read_rdahead, 4, 0.133329, 0.036112
229376, read_rdahead, 8, 0.091999, 0.024599
229376, read_rdahead, 12, 0.084020, 0.022142
229376, read_rdahead, 16, 0.071700, 0.016874
229376, read_rdahead, 24, 0.067611, 0.014632
229376, read_rdahead, 32, 0.067564, 0.018748
229376, read_rdahead, 40, 0.068029, 0.013591
229376, read_rdahead, 48, 0.061293, 0.003607
229376, read_rdahead, 56, 0.058512, 0.000472
229376, read_rdahead, 64, 0.058638, 0.000661
229376, read_rdadvise, 4, 0.098237, 0.002526
229376, read_rdadvise, 8, 0.076485, 0.001208
229376, read_rdadvise, 12, 0.070159, 0.000966
229376, read_rdadvise, 16, 0.066875, 0.000579
229376, read_rdadvise, 24, 0.064013, 0.000908
229376, read_rdadvise, 32, 0.061924, 0.000816
229376, read_rdadvise, 40, 0.061782, 0.000802
229376, read_rdadvise, 48, 0.061209, 0.000895
229376, read_rdadvise, 56, 0.060242, 0.000702
229376, read_rdadvise, 64, 0.060266, 0.000414
229376, read_async_nocache, 4, 0.128665, 0.018841
229376, read_async_nocache, 8, 0.107934, 0.013568
229376, read_async_nocache, 12, 0.115798, 0.009898
229376, read_async_nocache, 16, 0.078715, 0.014207
229376, read_async_nocache, 24, 0.078317, 0.014893
229376, read_async_nocache, 32, 0.076262, 0.012768
229376, read_async_nocache, 40, 0.078392, 0.016925
229376, read_async_nocache, 48, 0.078255, 0.018147
229376, read_async_nocache, 56, 0.101261, 0.014032
229376, read_async_nocache, 64, 0.076207, 0.006247
229376, read_async_rdahead, 4, 0.132130, 0.017231
229376, read_async_rdahead, 8, 0.096566, 0.027054
229376, read_async_rdahead, 12, 0.094412, 0.024402
229376, read_async_rdahead, 16, 0.107349, 0.005994
229376, read_async_rdahead, 24, 0.072950, 0.004633
229376, read_async_rdahead, 32, 0.109643, 0.009401
229376, read_async_rdahead, 40, 0.079304, 0.009718
229376, read_async_rdahead, 48, 0.110167, 0.013847
229376, read_async_rdahead, 56, 0.097107, 0.008884
229376, read_async_rdahead, 64, 0.101788, 0.008792
229376, read_async_rdadvise, 4, 0.113199, 0.013102
229376, read_async_rdadvise, 8, 0.082636, 0.005008
229376, read_async_rdadvise, 12, 0.117231, 0.004312
229376, read_async_rdadvise, 16, 0.112594, 0.006635
229376, read_async_rdadvise, 24, 0.073350, 0.005284
229376, read_async_rdadvise, 32, 0.072611, 0.004510
229376, read_async_rdadvise, 40, 0.073060, 0.002461
229376, read_async_rdadvise, 48, 0.071489, 0.000920
229376, read_async_rdadvise, 56, 0.071865, 0.001159
229376, read_async_rdadvise, 64, 0.071946, 0.001326
229376, mmap_plain, 0, 0.173039, 0.129323
229376, mmap_nocache, 0, 0.105131, 0.001130
229376, mmap_rdahead, 0, 0.104877, 0.000611
229376, mmap_rdadvise, 0, 0.106601, 0.001168
24576, read_plain, 4, 0.019661, 0.003363
24576, read_plain, 8, 0.019785, 0.002168
24576, read_plain, 12, 0.016318, 0.002393
24576, read_plain, 16, 0.029009, 0.016241
24576, read_plain, 24, 0.017501, 0.006141
24576, read_nocache, 4, 0.023289, 0.009229
24576, read_nocache, 8, 0.016454, 0.000534
24576, read_nocache, 12, 0.015697, 0.000482
24576, read_nocache, 16, 0.016974, 0.002296
24576, read_nocache, 24, 0.016778, 0.003096
24576, read_rdahead, 4, 0.019136, 0.002099
24576, read_rdahead, 8, 0.016227, 0.000538
24576, read_rdahead, 12, 0.015505, 0.000559
24576, read_rdahead, 16, 0.015681, 0.000617
24576, read_rdahead, 24, 0.014797, 0.000558
24576, read_rdadvise, 4, 0.020457, 0.002125
24576, read_rdadvise, 8, 0.017294, 0.000585
24576, read_rdadvise, 12, 0.016671, 0.000557
24576, read_rdadvise, 16, 0.016767, 0.000572
24576, read_rdadvise, 24, 0.016398, 0.001189
24576, read_async_nocache, 4, 0.057281, 0.017647
24576, read_async_nocache, 8, 0.035274, 0.000775
24576, read_async_nocache, 12, 0.037360, 0.000963
24576, read_async_nocache, 16, 0.037048, 0.000882
24576, read_async_nocache, 24, 0.039407, 0.000499
24576, read_async_rdahead, 4, 0.043684, 0.001263
24576, read_async_rdahead, 8, 0.035978, 0.001742
24576, read_async_rdahead, 12, 0.036338, 0.000886
24576, read_async_rdahead, 16, 0.036295, 0.001168
24576, read_async_rdahead, 24, 0.038847, 0.000680
24576, read_async_rdadvise, 4, 0.045617, 0.000955
24576, read_async_rdadvise, 8, 0.038459, 0.001683
24576, read_async_rdadvise, 12, 0.038120, 0.000861
24576, read_async_rdadvise, 16, 0.038123, 0.000739
24576, read_async_rdadvise, 24, 0.040482, 0.000616
24576, mmap_plain, 0, 0.028957, 0.010224
24576, mmap_nocache, 0, 0.024029, 0.000713
24576, mmap_rdahead, 0, 0.023875, 0.000800
24576, mmap_rdadvise, 0, 0.024317, 0.000841
262144, read_plain, 4, 0.138197, 0.035966
262144, read_plain, 8, 0.103156, 0.014671
262144, read_plain, 12, 0.102119, 0.024813
262144, read_plain, 16, 0.086623, 0.017945
262144, read_plain, 24, 0.071081, 0.004066
262144, read_plain, 32, 0.069365, 0.004567
262144, read_plain, 40, 0.067766, 0.001225
262144, read_plain, 48, 0.066461, 0.000435
262144, read_plain, 56, 0.065790, 0.000449
262144, read_plain, 64, 0.064994, 0.000473
262144, read_plain, 256, 0.081123, 0.034162
262144, read_nocache, 4, 0.140295, 0.046205
262144, read_nocache, 8, 0.086450, 0.001675
262144, read_nocache, 12, 0.079340, 0.001450
262144, read_nocache, 16, 0.075589, 0.001863
262144, read_nocache, 24, 0.072091, 0.002659
262144, read_nocache, 32, 0.079377, 0.010019
262144, read_nocache, 40, 0.070102, 0.002705
262144, read_nocache, 48, 0.067761, 0.000415
262144, read_nocache, 56, 0.067060, 0.000991
262144, read_nocache, 64, 0.065892, 0.001008
262144, read_nocache, 256, 0.067946, 0.004671
262144, read_rdahead, 4, 0.110372, 0.004986
262144, read_rdahead, 8, 0.084168, 0.000600
262144, read_rdahead, 12, 0.077266, 0.000696
262144, read_rdahead, 16, 0.074540, 0.003360
262144, read_rdahead, 24, 0.069632, 0.000608
262144, read_rdahead, 32, 0.070006, 0.005202
262144, read_rdahead, 40, 0.068239, 0.001159
262144, read_rdahead, 48, 0.067087, 0.000981
262144, read_rdahead, 56, 0.066243, 0.000914
262144, read_rdahead, 64, 0.065306, 0.000927
262144, read_rdahead, 256, 0.073302, 0.002746
262144, read_rdadvise, 4, 0.116111, 0.007775
262144, read_rdadvise, 8, 0.090753, 0.007278
262144, read_rdadvise, 12, 0.080780, 0.002127
262144, read_rdadvise, 16, 0.085268, 0.010142
262144, read_rdadvise, 24, 0.073626, 0.004356
262144, read_rdadvise, 32, 0.079064, 0.007821
262144, read_rdadvise, 40, 0.069835, 0.001247
262144, read_rdadvise, 48, 0.068498, 0.000543
262144, read_rdadvise, 56, 0.067789, 0.000377
262144, read_rdadvise, 64, 0.066846, 0.000408
262144, read_rdadvise, 256, 0.067354, 0.001301
262144, read_async_nocache, 4, 0.165370, 0.021554
262144, read_async_nocache, 8, 0.119559, 0.011351
262144, read_async_nocache, 12, 0.126060, 0.019621
262144, read_async_nocache, 16, 0.091027, 0.006370
262144, read_async_nocache, 24, 0.094900, 0.004264
262144, read_async_nocache, 32, 0.086209, 0.018882
262144, read_async_nocache, 40, 0.090975, 0.015673
262144, read_async_nocache, 48, 0.089058, 0.023551
262144, read_async_nocache, 56, 0.081160, 0.008662
262144, read_async_nocache, 64, 0.088536, 0.020391
262144, read_async_nocache, 256, 0.089673, 0.005827
262144, read_async_rdahead, 4, 0.115493, 0.004540
262144, read_async_rdahead, 8, 0.095698, 0.019860
262144, read_async_rdahead, 12, 0.080132, 0.014259
262144, read_async_rdahead, 16, 0.095451, 0.005711
262144, read_async_rdahead, 24, 0.096270, 0.014192
262144, read_async_rdahead, 32, 0.097932, 0.015510
262144, read_async_rdahead, 40, 0.075064, 0.002462
262144, read_async_rdahead, 48, 0.074288, 0.001781
262144, read_async_rdahead, 56, 0.074112, 0.001294
262144, read_async_rdahead, 64, 0.073860, 0.001615
262144, read_async_rdahead, 256, 0.082364, 0.003490
262144, read_async_rdadvise, 4, 0.110113, 0.002879
262144, read_async_rdadvise, 8, 0.079436, 0.001081
262144, read_async_rdadvise, 12, 0.083812, 0.014033
262144, read_async_rdadvise, 16, 0.076500, 0.001023
262144, read_async_rdadvise, 24, 0.076743, 0.002703
262144, read_async_rdadvise, 32, 0.075896, 0.001244
262144, read_async_rdadvise, 40, 0.078017, 0.003632
262144, read_async_rdadvise, 48, 0.076273, 0.000914
262144, read_async_rdadvise, 56, 0.076122, 0.000903
262144, read_async_rdadvise, 64, 0.080315, 0.007340
262144, read_async_rdadvise, 256, 0.084957, 0.003081
262144, mmap_plain, 0, 0.122588, 0.015121
262144, mmap_nocache, 0, 0.114899, 0.000497
262144, mmap_rdahead, 0, 0.115147, 0.000414
262144, mmap_rdadvise, 0, 0.129503, 0.017691
2048, mmap_plain, 0, 0.018235, 0.007499
2048, mmap_nocache, 0, 0.016336, 0.004145
2048, mmap_rdahead, 0, 0.017795, 0.007125
2048, mmap_rdadvise, 0, 0.014508, 0.000910
327680, read_plain, 4, 0.132023, 0.007261
327680, read_plain, 8, 0.108203, 0.018725
327680, read_plain, 12, 0.099621, 0.012906
327680, read_plain, 16, 0.094942, 0.011359
327680, read_plain, 24, 0.100701, 0.026412
327680, read_plain, 32, 0.088484, 0.014518
327680, read_plain, 40, 0.086455, 0.016657
327680, read_plain, 48, 0.084457, 0.014533
327680, read_plain, 56, 0.085011, 0.017104
327680, read_plain, 64, 0.083747, 0.016426
327680, read_plain, 256, 0.099016, 0.048274
327680, read_nocache, 4, 0.143600, 0.024796
327680, read_nocache, 8, 0.108799, 0.011196
327680, read_nocache, 12, 0.099787, 0.011076
327680, read_nocache, 16, 0.092180, 0.005480
327680, read_nocache, 24, 0.104002, 0.020059
327680, read_nocache, 32, 0.084653, 0.002641
327680, read_nocache, 40, 0.091359, 0.008014
327680, read_nocache, 48, 0.084685, 0.003044
327680, read_nocache, 56, 0.080800, 0.000791
327680, read_nocache, 64, 0.079067, 0.000767
327680, read_nocache, 256, 0.078829, 0.002368
327680, read_rdahead, 4, 0.136022, 0.006970
327680, read_rdahead, 8, 0.103957, 0.002644
327680, read_rdahead, 12, 0.110951, 0.021601
327680, read_rdahead, 16, 0.090737, 0.001956
327680, read_rdahead, 24, 0.088397, 0.002419
327680, read_rdahead, 32, 0.106238, 0.012934
327680, read_rdahead, 40, 0.087623, 0.006896
327680, read_rdahead, 48, 0.080467, 0.000585
327680, read_rdahead, 56, 0.079551, 0.000619
327680, read_rdahead, 64, 0.078644, 0.000606
327680, read_rdahead, 256, 0.079138, 0.003329
327680, read_rdadvise, 4, 0.137373, 0.003776
327680, read_rdadvise, 8, 0.109346, 0.001927
327680, read_rdadvise, 12, 0.113138, 0.016421
327680, read_rdadvise, 16, 0.099267, 0.001806
327680, read_rdadvise, 24, 0.093203, 0.003664
327680, read_rdadvise, 32, 0.097666, 0.012578
327680, read_rdadvise, 40, 0.095120, 0.013638
327680, read_rdadvise, 48, 0.083396, 0.001534
327680, read_rdadvise, 56, 0.081682, 0.000440
327680, read_rdadvise, 64, 0.080591, 0.000469
327680, read_rdadvise, 256, 0.081567, 0.003209
327680, read_async_nocache, 4, 0.159502, 0.030665
327680, read_async_nocache, 8, 0.104188, 0.006479
327680, read_async_nocache, 12, 0.111238, 0.007070
327680, read_async_nocache, 16, 0.086606, 0.003887
327680, read_async_nocache, 24, 0.089931, 0.008859
327680, read_async_nocache, 32, 0.091635, 0.010973
327680, read_async_nocache, 40, 0.091142, 0.011761
327680, read_async_nocache, 48, 0.089893, 0.011959
327680, read_async_nocache, 56, 0.094345, 0.012819
327680, read_async_nocache, 64, 0.109799, 0.026451
327680, read_async_nocache, 256, 0.092875, 0.003837
327680, read_async_rdahead, 4, 0.129566, 0.010396
327680, read_async_rdahead, 8, 0.123949, 0.014072
327680, read_async_rdahead, 12, 0.122366, 0.029431
327680, read_async_rdahead, 16, 0.096064, 0.013635
327680, read_async_rdahead, 24, 0.104008, 0.015876
327680, read_async_rdahead, 32, 0.102159, 0.029064
327680, read_async_rdahead, 40, 0.085073, 0.001131
327680, read_async_rdahead, 48, 0.084255, 0.001081
327680, read_async_rdahead, 56, 0.089324, 0.009303
327680, read_async_rdahead, 64, 0.084161, 0.000962
327680, read_async_rdahead, 256, 0.093742, 0.003958
327680, read_async_rdadvise, 4, 0.128179, 0.001768
327680, read_async_rdadvise, 8, 0.089998, 0.002159
327680, read_async_rdadvise, 12, 0.087455, 0.001137
327680, read_async_rdadvise, 16, 0.087401, 0.001546
327680, read_async_rdadvise, 24, 0.085551, 0.001539
327680, read_async_rdadvise, 32, 0.089646, 0.008050
327680, read_async_rdadvise, 40, 0.086301, 0.001079
327680, read_async_rdadvise, 48, 0.086638, 0.001237
327680, read_async_rdadvise, 56, 0.089921, 0.006431
327680, read_async_rdadvise, 64, 0.087449, 0.001068
327680, read_async_rdadvise, 256, 0.094777, 0.001532
327680, mmap_plain, 0, 0.151766, 0.014843
327680, mmap_nocache, 0, 0.144071, 0.001015
327680, mmap_rdahead, 0, 0.144133, 0.001071
327680, mmap_rdadvise, 0, 0.144583, 0.000917
32768, read_plain, 4, 0.022318, 0.003254
32768, read_plain, 8, 0.033562, 0.012489
32768, read_plain, 12, 0.026372, 0.010560
32768, read_plain, 16, 0.024970, 0.011105
32768, read_plain, 24, 0.046114, 0.029620
32768, read_plain, 32, 0.038777, 0.031568
32768, read_nocache, 4, 0.049181, 0.009576
32768, read_nocache, 8, 0.042934, 0.012069
32768, read_nocache, 12, 0.038506, 0.012488
32768, read_nocache, 16, 0.034105, 0.011055
32768, read_nocache, 24, 0.023128, 0.007284
32768, read_nocache, 32, 0.017541, 0.001139
32768, read_rdahead, 4, 0.022731, 0.002719
32768, read_rdahead, 8, 0.018545, 0.000588
32768, read_rdahead, 12, 0.017972, 0.000545
32768, read_rdahead, 16, 0.017358, 0.000471
32768, read_rdahead, 24, 0.017330, 0.000512
32768, read_rdahead, 32, 0.016590, 0.000500
32768, read_rdadvise, 4, 0.023807, 0.002269
32768, read_rdadvise, 8, 0.019810, 0.000539
32768, read_rdadvise, 12, 0.019163, 0.000536
32768, read_rdadvise, 16, 0.018496, 0.000500
32768, read_rdadvise, 24, 0.018701, 0.000532
32768, read_rdadvise, 32, 0.017881, 0.000515
32768, read_async_nocache, 4, 0.059289, 0.022152
32768, read_async_nocache, 8, 0.039737, 0.006432
32768, read_async_nocache, 12, 0.038447, 0.000870
32768, read_async_nocache, 16, 0.038922, 0.001795
32768, read_async_nocache, 24, 0.037885, 0.000742
32768, read_async_nocache, 32, 0.043178, 0.004428
32768, read_async_rdahead, 4, 0.047655, 0.002021
32768, read_async_rdahead, 8, 0.038881, 0.001207
32768, read_async_rdahead, 12, 0.038190, 0.001435
32768, read_async_rdahead, 16, 0.037520, 0.000955
32768, read_async_rdahead, 24, 0.037378, 0.000921
32768, read_async_rdahead, 32, 0.041664, 0.001122
32768, read_async_rdadvise, 4, 0.057676, 0.004643
32768, read_async_rdadvise, 8, 0.112710, 0.033685
32768, read_async_rdadvise, 12, 0.116601, 0.031916
32768, read_async_rdadvise, 16, 0.074856, 0.023351
32768, read_async_rdadvise, 24, 0.058554, 0.031336
32768, read_async_rdadvise, 32, 0.057392, 0.017450
32768, mmap_plain, 0, 0.044045, 0.030902
32768, mmap_nocache, 0, 0.040967, 0.010076
32768, mmap_rdahead, 0, 0.027930, 0.005850
32768, mmap_rdadvise, 0, 0.025668, 0.000595
393216, read_plain, 4, 0.160560, 0.008216
393216, read_plain, 8, 0.121161, 0.002612
393216, read_plain, 12, 0.123016, 0.015909
393216, read_plain, 16, 0.106211, 0.003614
393216, read_plain, 24, 0.126863, 0.007427
393216, read_plain, 32, 0.145493, 0.052398
393216, read_plain, 40, 0.130533, 0.035515
393216, read_plain, 48, 0.110889, 0.025015
393216, read_plain, 56, 0.109832, 0.024919
393216, read_plain, 64, 0.118722, 0.023420
393216, read_plain, 256, 0.127596, 0.070319
393216, read_nocache, 4, 0.180432, 0.021233
393216, read_nocache, 8, 0.193385, 0.071760
393216, read_nocache, 12, 0.179677, 0.065355
393216, read_nocache, 16, 0.134160, 0.022103
393216, read_nocache, 24, 0.121830, 0.020166
393216, read_nocache, 32, 0.102209, 0.011826
393216, read_nocache, 40, 0.100751, 0.011646
393216, read_nocache, 48, 0.098255, 0.010627
393216, read_nocache, 56, 0.098120, 0.011611
393216, read_nocache, 64, 0.097362, 0.010064
393216, read_nocache, 256, 0.091746, 0.003679
393216, read_rdahead, 4, 0.162643, 0.008478
393216, read_rdahead, 8, 0.124679, 0.005858
393216, read_rdahead, 12, 0.109993, 0.000685
393216, read_rdahead, 16, 0.106657, 0.003307
393216, read_rdahead, 24, 0.099722, 0.001973
393216, read_rdahead, 32, 0.096319, 0.000550
393216, read_rdahead, 40, 0.096561, 0.002485
393216, read_rdahead, 48, 0.115243, 0.019184
393216, read_rdahead, 56, 0.097152, 0.007558
393216, read_rdahead, 64, 0.091685, 0.000553
393216, read_rdahead, 256, 0.092083, 0.002448
393216, read_rdadvise, 4, 0.160485, 0.003723
393216, read_rdadvise, 8, 0.123035, 0.000685
393216, read_rdadvise, 12, 0.117827, 0.012106
393216, read_rdadvise, 16, 0.109623, 0.002588
393216, read_rdadvise, 24, 0.102461, 0.003054
393216, read_rdadvise, 32, 0.100595, 0.005208
393216, read_rdadvise, 40, 0.097767, 0.000922
393216, read_rdadvise, 48, 0.096123, 0.000770
393216, read_rdadvise, 56, 0.095289, 0.000596
393216, read_rdadvise, 64, 0.094788, 0.001138
393216, read_rdadvise, 256, 0.094210, 0.000820
393216, read_async_nocache, 4, 0.177818, 0.026502
393216, read_async_nocache, 8, 0.152254, 0.002990
393216, read_async_nocache, 12, 0.126943, 0.015812
393216, read_async_nocache, 16, 0.128152, 0.014154
393216, read_async_nocache, 24, 0.107555, 0.009057
393216, read_async_nocache, 32, 0.106864, 0.011129
393216, read_async_nocache, 40, 0.101082, 0.013165
393216, read_async_nocache, 48, 0.101025, 0.014086
393216, read_async_nocache, 56, 0.112827, 0.017069
393216, read_async_nocache, 64, 0.105858, 0.021796
393216, read_async_nocache, 256, 0.111874, 0.020799
393216, read_async_rdahead, 4, 0.149707, 0.008340
393216, read_async_rdahead, 8, 0.104344, 0.011328
393216, read_async_rdahead, 12, 0.103920, 0.016234
393216, read_async_rdahead, 16, 0.119377, 0.039695
393216, read_async_rdahead, 24, 0.105746, 0.011571
393216, read_async_rdahead, 32, 0.164456, 0.034191
393216, read_async_rdahead, 40, 0.124270, 0.007485
393216, read_async_rdahead, 48, 0.118972, 0.008677
393216, read_async_rdahead, 56, 0.124913, 0.017654
393216, read_async_rdahead, 64, 0.110717, 0.017188
393216, read_async_rdahead, 256, 0.106217, 0.001963
393216, read_async_rdadvise, 4, 0.161848, 0.008505
393216, read_async_rdadvise, 8, 0.122280, 0.013574
393216, read_async_rdadvise, 12, 0.118892, 0.017633
393216, read_async_rdadvise, 16, 0.103171, 0.012070
393216, read_async_rdadvise, 24, 0.101045, 0.008730
393216, read_async_rdadvise, 32, 0.103492, 0.012739
393216, read_async_rdadvise, 40, 0.126428, 0.007459
393216, read_async_rdadvise, 48, 0.108021, 0.011580
393216, read_async_rdadvise, 56, 0.097409, 0.000929
393216, read_async_rdadvise, 64, 0.098013, 0.001331
393216, read_async_rdadvise, 256, 0.105798, 0.003371
393216, mmap_plain, 0, 0.173356, 0.015282
393216, mmap_nocache, 0, 0.166505, 0.000518
393216, mmap_rdahead, 0, 0.165985, 0.000513
393216, mmap_rdadvise, 0, 0.167431, 0.000433
40960, read_plain, 4, 0.025721, 0.003348
40960, read_plain, 8, 0.025549, 0.005765
40960, read_plain, 12, 0.022624, 0.004981
40960, read_plain, 16, 0.020297, 0.002618
40960, read_plain, 24, 0.018363, 0.000530
40960, read_plain, 32, 0.020559, 0.004445
40960, read_plain, 40, 0.019606, 0.001160
40960, read_nocache, 4, 0.028898, 0.008127
40960, read_nocache, 8, 0.020716, 0.000352
40960, read_nocache, 12, 0.020302, 0.000385
40960, read_nocache, 16, 0.019577, 0.000472
40960, read_nocache, 24, 0.020862, 0.003691
40960, read_nocache, 32, 0.019297, 0.000500
40960, read_nocache, 40, 0.018562, 0.000392
40960, read_rdahead, 4, 0.024889, 0.001611
40960, read_rdahead, 8, 0.020582, 0.000425
40960, read_rdahead, 12, 0.020061, 0.000584
40960, read_rdahead, 16, 0.019456, 0.000432
40960, read_rdahead, 24, 0.018681, 0.000504
40960, read_rdahead, 32, 0.018743, 0.000531
40960, read_rdahead, 40, 0.018537, 0.000410
40960, read_rdadvise, 4, 0.026393, 0.001948
40960, read_rdadvise, 8, 0.021812, 0.000546
40960, read_rdadvise, 12, 0.021251, 0.000569
40960, read_rdadvise, 16, 0.020638, 0.000640
40960, read_rdadvise, 24, 0.019877, 0.000457
40960, read_rdadvise, 32, 0.019931, 0.000488
40960, read_rdadvise, 40, 0.019842, 0.000415
40960, read_async_nocache, 4, 0.059754, 0.015989
40960, read_async_nocache, 8, 0.041778, 0.003199
40960, read_async_nocache, 12, 0.040274, 0.001202
40960, read_async_nocache, 16, 0.040100, 0.001148
40960, read_async_nocache, 24, 0.038903, 0.000860
40960, read_async_nocache, 32, 0.042236, 0.004891
40960, read_async_nocache, 40, 0.044094, 0.008402
40960, read_async_rdahead, 4, 0.049142, 0.002608
40960, read_async_rdahead, 8, 0.041054, 0.003450
40960, read_async_rdahead, 12, 0.040955, 0.004347
40960, read_async_rdahead, 16, 0.039554, 0.001154
40960, read_async_rdahead, 24, 0.038676, 0.001147
40960, read_async_rdahead, 32, 0.038576, 0.001155
40960, read_async_rdahead, 40, 0.040973, 0.000980
40960, read_async_rdadvise, 4, 0.055519, 0.005185
40960, read_async_rdadvise, 8, 0.044659, 0.005018
40960, read_async_rdadvise, 12, 0.046716, 0.006267
40960, read_async_rdadvise, 16, 0.041837, 0.001118
40960, read_async_rdadvise, 24, 0.041151, 0.001272
40960, read_async_rdadvise, 32, 0.040566, 0.000399
40960, read_async_rdadvise, 40, 0.042033, 0.004033
40960, mmap_plain, 0, 0.095086, 0.121577
40960, mmap_nocache, 0, 0.032581, 0.002860
40960, mmap_rdahead, 0, 0.049711, 0.014629
40960, mmap_rdadvise, 0, 0.033961, 0.002867
458752, read_plain, 4, 0.185971, 0.009721
458752, read_plain, 8, 0.140476, 0.004039
458752, read_plain, 12, 0.138880, 0.013698
458752, read_plain, 16, 0.122808, 0.004330
458752, read_plain, 24, 0.114874, 0.003965
458752, read_plain, 32, 0.111716, 0.004750
458752, read_plain, 40, 0.108949, 0.000950
458752, read_plain, 48, 0.106853, 0.000509
458752, read_plain, 56, 0.105312, 0.000513
458752, read_plain, 64, 0.104444, 0.000390
458752, read_plain, 256, 0.118629, 0.030735
458752, read_nocache, 4, 0.208427, 0.025693
458752, read_nocache, 8, 0.184283, 0.035437
458752, read_nocache, 12, 0.177357, 0.032447
458752, read_nocache, 16, 0.186518, 0.022284
458752, read_nocache, 24, 0.151340, 0.035866
458752, read_nocache, 32, 0.124860, 0.008729
458752, read_nocache, 40, 0.123747, 0.015368
458752, read_nocache, 48, 0.113283, 0.006651
458752, read_nocache, 56, 0.113738, 0.010775
458752, read_nocache, 64, 0.107319, 0.003630
458752, read_nocache, 256, 0.106046, 0.003665
458752, read_rdahead, 4, 0.229849, 0.033920
458752, read_rdahead, 8, 0.174205, 0.018470
458752, read_rdahead, 12, 0.136878, 0.014187
458752, read_rdahead, 16, 0.121752, 0.001418
458752, read_rdahead, 24, 0.116735, 0.004734
458752, read_rdahead, 32, 0.116934, 0.009406
458752, read_rdahead, 40, 0.119756, 0.005766
458752, read_rdahead, 48, 0.121967, 0.005357
458752, read_rdahead, 56, 0.121743, 0.006839
458752, read_rdahead, 64, 0.116215, 0.007182
458752, read_rdahead, 256, 0.111986, 0.010087
458752, read_rdadvise, 4, 0.187587, 0.006574
458752, read_rdadvise, 8, 0.141920, 0.000682
458752, read_rdadvise, 12, 0.129145, 0.000732
458752, read_rdadvise, 16, 0.122438, 0.000898
458752, read_rdadvise, 24, 0.115998, 0.000533
458752, read_rdadvise, 32, 0.112259, 0.000713
458752, read_rdadvise, 40, 0.111646, 0.000667
458752, read_rdadvise, 48, 0.109886, 0.000392
458752, read_rdadvise, 56, 0.111063, 0.003539
458752, read_rdadvise, 64, 0.107417, 0.000403
458752, read_rdadvise, 256, 0.106377, 0.000777
458752, read_async_nocache, 4, 0.213342, 0.027888
458752, read_async_nocache, 8, 0.160396, 0.004159
458752, read_async_nocache, 12, 0.171268, 0.028844
458752, read_async_nocache, 16, 0.150226, 0.018242
458752, read_async_nocache, 24, 0.124864, 0.015541
458752, read_async_nocache, 32, 0.122503, 0.017852
458752, read_async_nocache, 40, 0.108889, 0.010750
458752, read_async_nocache, 48, 0.106301, 0.006722
458752, read_async_nocache, 56, 0.106931, 0.007967
458752, read_async_nocache, 64, 0.112209, 0.015716
458752, read_async_nocache, 256, 0.121197, 0.020991
458752, read_async_rdahead, 4, 0.163813, 0.010204
458752, read_async_rdahead, 8, 0.117147, 0.011295
458752, read_async_rdahead, 12, 0.106217, 0.006255
458752, read_async_rdahead, 16, 0.111512, 0.007662
458752, read_async_rdahead, 24, 0.107834, 0.010091
458752, read_async_rdahead, 32, 0.109312, 0.013051
458752, read_async_rdahead, 40, 0.108242, 0.008930
458752, read_async_rdahead, 48, 0.117988, 0.019333
458752, read_async_rdahead, 56, 0.108274, 0.009120
458752, read_async_rdahead, 64, 0.108507, 0.009433
458752, read_async_rdahead, 256, 0.111114, 0.000919
458752, read_async_rdadvise, 4, 0.165464, 0.005304
458752, read_async_rdadvise, 8, 0.117542, 0.010380
458752, read_async_rdadvise, 12, 0.109558, 0.007387
458752, read_async_rdadvise, 16, 0.112213, 0.005414
458752, read_async_rdadvise, 24, 0.111106, 0.008034
458752, read_async_rdadvise, 32, 0.109860, 0.006505
458752, read_async_rdadvise, 40, 0.111202, 0.007503
458752, read_async_rdadvise, 48, 0.110470, 0.007225
458752, read_async_rdadvise, 56, 0.109580, 0.005255
458752, read_async_rdadvise, 64, 0.139125, 0.011772
458752, read_async_rdadvise, 256, 0.176619, 0.049769
458752, mmap_plain, 0, 0.238597, 0.058950
458752, mmap_nocache, 0, 0.198085, 0.001344
458752, mmap_rdahead, 0, 0.216465, 0.008347
458752, mmap_rdadvise, 0, 0.217428, 0.003484
49152, read_plain, 4, 0.031030, 0.006624
49152, read_plain, 8, 0.024034, 0.002807
49152, read_plain, 12, 0.022279, 0.002050
49152, read_plain, 16, 0.023622, 0.003767
49152, read_plain, 24, 0.020067, 0.000600
49152, read_plain, 32, 0.022378, 0.004917
49152, read_plain, 40, 0.021140, 0.000911
49152, read_plain, 48, 0.019852, 0.000516
49152, read_nocache, 4, 0.032379, 0.008524
49152, read_nocache, 8, 0.023332, 0.000394
49152, read_nocache, 12, 0.021968, 0.000409
49152, read_nocache, 16, 0.021291, 0.000378
49152, read_nocache, 24, 0.022306, 0.003196
49152, read_nocache, 32, 0.021094, 0.000563
49152, read_nocache, 40, 0.021017, 0.000444
49152, read_nocache, 48, 0.020177, 0.000376
49152, read_rdahead, 4, 0.028061, 0.001789
49152, read_rdahead, 8, 0.023012, 0.000541
49152, read_rdahead, 12, 0.021694, 0.000585
49152, read_rdahead, 16, 0.021138, 0.000584
49152, read_rdahead, 24, 0.020292, 0.000524
49152, read_rdahead, 32, 0.020423, 0.000498
49152, read_rdahead, 40, 0.021121, 0.000462
49152, read_rdahead, 48, 0.020301, 0.000497
49152, read_rdadvise, 4, 0.029597, 0.002158
49152, read_rdadvise, 8, 0.024181, 0.000610
49152, read_rdadvise, 12, 0.022943, 0.000620
49152, read_rdadvise, 16, 0.022368, 0.000635
49152, read_rdadvise, 24, 0.021653, 0.000570
49152, read_rdadvise, 32, 0.021674, 0.000582
49152, read_rdadvise, 40, 0.022334, 0.000464
49152, read_rdadvise, 48, 0.021558, 0.000464
49152, read_async_nocache, 4, 0.060841, 0.016509
49152, read_async_nocache, 8, 0.042441, 0.006233
49152, read_async_nocache, 12, 0.042506, 0.000943
49152, read_async_nocache, 16, 0.041036, 0.000615
49152, read_async_nocache, 24, 0.040302, 0.000686
49152, read_async_nocache, 32, 0.043869, 0.004162
49152, read_async_nocache, 40, 0.042852, 0.004718
49152, read_async_nocache, 48, 0.043375, 0.007378
49152, read_async_rdahead, 4, 0.050616, 0.001595
49152, read_async_rdahead, 8, 0.043069, 0.001376
49152, read_async_rdahead, 12, 0.041754, 0.000913
49152, read_async_rdahead, 16, 0.040703, 0.001408
49152, read_async_rdahead, 24, 0.039536, 0.000993
49152, read_async_rdahead, 32, 0.039857, 0.001767
49152, read_async_rdahead, 40, 0.039693, 0.000778
49152, read_async_rdahead, 48, 0.043681, 0.006413
49152, read_async_rdadvise, 4, 0.052290, 0.001598
49152, read_async_rdadvise, 8, 0.044741, 0.001375
49152, read_async_rdadvise, 12, 0.045830, 0.005248
49152, read_async_rdadvise, 16, 0.044205, 0.002882
49152, read_async_rdadvise, 24, 0.041555, 0.000760
49152, read_async_rdadvise, 32, 0.041330, 0.001193
49152, read_async_rdadvise, 40, 0.041787, 0.001179
49152, read_async_rdadvise, 48, 0.040356, 0.001840
49152, mmap_plain, 0, 0.036241, 0.009634
49152, mmap_nocache, 0, 0.031540, 0.000745
49152, mmap_rdahead, 0, 0.031563, 0.000464
49152, mmap_rdadvise, 0, 0.032003, 0.000710
4096, read_plain, 4, 0.011341, 0.002742
4096, read_nocache, 4, 0.015028, 0.007420
4096, read_rdahead, 4, 0.018745, 0.010376
4096, read_rdadvise, 4, 0.028191, 0.018579
4096, read_async_nocache, 4, 0.148456, 0.043950
4096, read_async_rdahead, 4, 0.070744, 0.016462
4096, read_async_rdadvise, 4, 0.080213, 0.024110
4096, mmap_plain, 0, 0.025268, 0.017671
4096, mmap_nocache, 0, 0.017172, 0.007579
4096, mmap_rdahead, 0, 0.022449, 0.008071
4096, mmap_rdadvise, 0, 0.013850, 0.000476
524288, read_plain, 4, 0.211419, 0.011042
524288, read_plain, 8, 0.158114, 0.002747
524288, read_plain, 12, 0.143320, 0.002151
524288, read_plain, 16, 0.136805, 0.002899
524288, read_plain, 24, 0.128035, 0.000549
524288, read_plain, 32, 0.126910, 0.005997
524288, read_plain, 40, 0.122203, 0.000811
524288, read_plain, 48, 0.125053, 0.005060
524288, read_plain, 56, 0.121033, 0.001976
524288, read_plain, 64, 0.118169, 0.000485
524288, read_plain, 256, 0.157764, 0.033771
524288, read_nocache, 4, 0.291148, 0.053594
524288, read_nocache, 8, 0.192489, 0.031991
524288, read_nocache, 12, 0.145654, 0.000906
524288, read_nocache, 16, 0.145968, 0.009340
524288, read_nocache, 24, 0.141944, 0.014416
524288, read_nocache, 32, 0.131262, 0.010628
524288, read_nocache, 40, 0.127996, 0.009427
524288, read_nocache, 48, 0.131051, 0.018113
524288, read_nocache, 56, 0.120137, 0.000802
524288, read_nocache, 64, 0.118086, 0.000344
524288, read_nocache, 256, 0.130620, 0.011540
524288, read_rdahead, 4, 0.206967, 0.003508
524288, read_rdahead, 8, 0.157828, 0.000909
524288, read_rdahead, 12, 0.144505, 0.002133
524288, read_rdahead, 16, 0.137884, 0.003310
524288, read_rdahead, 24, 0.128342, 0.000625
524288, read_rdahead, 32, 0.136556, 0.014982
524288, read_rdahead, 40, 0.135034, 0.011734
524288, read_rdahead, 48, 0.121584, 0.001531
524288, read_rdahead, 56, 0.120408, 0.000751
524288, read_rdahead, 64, 0.119501, 0.001095
524288, read_rdahead, 256, 0.117853, 0.000622
524288, read_rdadvise, 4, 0.212324, 0.004260
524288, read_rdadvise, 8, 0.162578, 0.001744
524288, read_rdadvise, 12, 0.148966, 0.002706
524288, read_rdadvise, 16, 0.139940, 0.000963
524288, read_rdadvise, 24, 0.133160, 0.003995
524288, read_rdadvise, 32, 0.126883, 0.000399
524288, read_rdadvise, 40, 0.125455, 0.001102
524288, read_rdadvise, 48, 0.123741, 0.000479
524288, read_rdadvise, 56, 0.122854, 0.000409
524288, read_rdadvise, 64, 0.121856, 0.001166
524288, read_rdadvise, 256, 0.121143, 0.001954
524288, read_async_nocache, 4, 0.241600, 0.031213
524288, read_async_nocache, 8, 0.196801, 0.049658
524288, read_async_nocache, 12, 0.163298, 0.009255
524288, read_async_nocache, 16, 0.156581, 0.015216
524288, read_async_nocache, 24, 0.137786, 0.005714
524288, read_async_nocache, 32, 0.185904, 0.024216
524288, read_async_nocache, 40, 0.223007, 0.055081
524288, read_async_nocache, 48, 0.167812, 0.012710
524288, read_async_nocache, 56, 0.158317, 0.029155
524288, read_async_nocache, 64, 0.150610, 0.013207
524288, read_async_nocache, 256, 0.169880, 0.057043
524288, read_async_rdahead, 4, 0.264054, 0.025339
524288, read_async_rdahead, 8, 0.155649, 0.012605
524288, read_async_rdahead, 12, 0.155928, 0.026601
524288, read_async_rdahead, 16, 0.158270, 0.018720
524288, read_async_rdahead, 24, 0.148123, 0.007728
524288, read_async_rdahead, 32, 0.151129, 0.011046
524288, read_async_rdahead, 40, 0.143849, 0.008776
524288, read_async_rdahead, 48, 0.127825, 0.008543
524288, read_async_rdahead, 56, 0.131262, 0.009457
524288, read_async_rdahead, 64, 0.123347, 0.011728
524288, read_async_rdahead, 256, 0.122860, 0.003001
524288, read_async_rdadvise, 4, 0.186507, 0.014142
524288, read_async_rdadvise, 8, 0.134628, 0.015754
524288, read_async_rdadvise, 12, 0.125877, 0.014091
524288, read_async_rdadvise, 16, 0.124036, 0.013221
524288, read_async_rdadvise, 24, 0.123649, 0.013125
524288, read_async_rdadvise, 32, 0.123310, 0.011233
524288, read_async_rdadvise, 40, 0.123698, 0.010940
524288, read_async_rdadvise, 48, 0.152965, 0.005220
524288, read_async_rdadvise, 56, 0.140472, 0.014137
524288, read_async_rdadvise, 64, 0.126474, 0.017164
524288, read_async_rdadvise, 256, 0.160215, 0.032781
524288, mmap_plain, 0, 0.343683, 0.054694
524288, mmap_nocache, 0, 0.224487, 0.011659
524288, mmap_rdahead, 0, 0.225363, 0.011035
524288, mmap_rdadvise, 0, 0.257979, 0.030169
57344, read_plain, 4, 0.032362, 0.003664
57344, read_plain, 8, 0.027968, 0.005614
57344, read_plain, 12, 0.025495, 0.003545
57344, read_plain, 16, 0.026620, 0.002807
57344, read_plain, 24, 0.022889, 0.000490
57344, read_plain, 32, 0.026286, 0.007860
57344, read_plain, 40, 0.022795, 0.000921
57344, read_plain, 48, 0.022761, 0.000272
57344, read_plain, 56, 0.022580, 0.000331
57344, read_nocache, 4, 0.036529, 0.009682
57344, read_nocache, 8, 0.042854, 0.008764
57344, read_nocache, 12, 0.036311, 0.008279
57344, read_nocache, 16, 0.033884, 0.003810
57344, read_nocache, 24, 0.027813, 0.006694
57344, read_nocache, 32, 0.024603, 0.001643
57344, read_nocache, 40, 0.028500, 0.005526
57344, read_nocache, 48, 0.028466, 0.006153
57344, read_nocache, 56, 0.023517, 0.002820
57344, read_rdahead, 4, 0.033372, 0.004006
57344, read_rdahead, 8, 0.036365, 0.004676
57344, read_rdahead, 12, 0.029059, 0.004972
57344, read_rdahead, 16, 0.025423, 0.001880
57344, read_rdahead, 24, 0.025022, 0.002203
57344, read_rdahead, 32, 0.024730, 0.001788
57344, read_rdahead, 40, 0.025140, 0.002121
57344, read_rdahead, 48, 0.024365, 0.001614
57344, read_rdahead, 56, 0.023584, 0.002246
57344, read_rdadvise, 4, 0.036491, 0.006698
57344, read_rdadvise, 8, 0.028604, 0.002208
57344, read_rdadvise, 12, 0.028045, 0.002054
57344, read_rdadvise, 16, 0.027929, 0.002746
57344, read_rdadvise, 24, 0.037987, 0.009591
57344, read_rdadvise, 32, 0.024120, 0.001020
57344, read_rdadvise, 40, 0.025652, 0.001427
57344, read_rdadvise, 48, 0.026613, 0.000812
57344, read_rdadvise, 56, 0.029751, 0.002194
57344, read_async_nocache, 4, 0.107983, 0.038608
57344, read_async_nocache, 8, 0.085155, 0.009599
57344, read_async_nocache, 12, 0.064798, 0.010943
57344, read_async_nocache, 16, 0.054800, 0.019633
57344, read_async_nocache, 24, 0.098102, 0.023880
57344, read_async_nocache, 32, 0.055971, 0.017358
57344, read_async_nocache, 40, 0.047452, 0.007304
57344, read_async_nocache, 48, 0.047717, 0.010182
57344, read_async_nocache, 56, 0.073026, 0.019257
57344, read_async_rdahead, 4, 0.062676, 0.015292
57344, read_async_rdahead, 8, 0.044836, 0.002167
57344, read_async_rdahead, 12, 0.043581, 0.001153
57344, read_async_rdahead, 16, 0.042795, 0.001108
57344, read_async_rdahead, 24, 0.042533, 0.001669
57344, read_async_rdahead, 32, 0.042074, 0.001550
57344, read_async_rdahead, 40, 0.041065, 0.000910
57344, read_async_rdahead, 48, 0.040435, 0.001315
57344, read_async_rdahead, 56, 0.039817, 0.000802
57344, read_async_rdadvise, 4, 0.093018, 0.015630
57344, read_async_rdadvise, 8, 0.084869, 0.010296
57344, read_async_rdadvise, 12, 0.057807, 0.014722
57344, read_async_rdadvise, 16, 0.044771, 0.001320
57344, read_async_rdadvise, 24, 0.043942, 0.000907
57344, read_async_rdadvise, 32, 0.046072, 0.005929
57344, read_async_rdadvise, 40, 0.043765, 0.001421
57344, read_async_rdadvise, 48, 0.042328, 0.001193
57344, read_async_rdadvise, 56, 0.041432, 0.000664
57344, mmap_plain, 0, 0.044267, 0.014490
57344, mmap_nocache, 0, 0.037115, 0.000878
57344, mmap_rdahead, 0, 0.037133, 0.000895
57344, mmap_rdadvise, 0, 0.037526, 0.000842
655360, read_plain, 4, 0.263421, 0.012713
655360, read_plain, 8, 0.196832, 0.002854
655360, read_plain, 12, 0.178188, 0.002878
655360, read_plain, 16, 0.185348, 0.015580
655360, read_plain, 24, 0.160607, 0.005359
655360, read_plain, 32, 0.158945, 0.006649
655360, read_plain, 40, 0.152690, 0.005288
655360, read_plain, 48, 0.164073, 0.012003
655360, read_plain, 56, 0.174811, 0.024081
655360, read_plain, 64, 0.152286, 0.005188
655360, read_plain, 256, 0.161470, 0.034725
655360, read_nocache, 4, 0.282983, 0.024879
655360, read_nocache, 8, 0.212509, 0.024407
655360, read_nocache, 12, 0.180478, 0.000787
655360, read_nocache, 16, 0.171881, 0.002483
655360, read_nocache, 24, 0.162898, 0.003064
655360, read_nocache, 32, 0.155594, 0.005125
655360, read_nocache, 40, 0.155230, 0.016935
655360, read_nocache, 48, 0.152846, 0.016964
655360, read_nocache, 56, 0.151287, 0.016254
655360, read_nocache, 64, 0.149116, 0.016854
655360, read_nocache, 256, 0.148058, 0.017125
655360, read_rdahead, 4, 0.288865, 0.028625
655360, read_rdahead, 8, 0.198873, 0.018089
655360, read_rdahead, 12, 0.182026, 0.019084
655360, read_rdahead, 16, 0.172836, 0.017232
655360, read_rdahead, 24, 0.181999, 0.034007
655360, read_rdahead, 32, 0.208494, 0.020973
655360, read_rdahead, 40, 0.179757, 0.043166
655360, read_rdahead, 48, 0.165026, 0.033787
655360, read_rdahead, 56, 0.163295, 0.033972
655360, read_rdahead, 64, 0.180982, 0.038541
655360, read_rdahead, 256, 0.164103, 0.005184
655360, read_rdadvise, 4, 0.317530, 0.038740
655360, read_rdadvise, 8, 0.224953, 0.049399
655360, read_rdadvise, 12, 0.183454, 0.017112
655360, read_rdadvise, 16, 0.182639, 0.034941
655360, read_rdadvise, 24, 0.164409, 0.016897
655360, read_rdadvise, 32, 0.163901, 0.016163
655360, read_rdadvise, 40, 0.153853, 0.001637
655360, read_rdadvise, 48, 0.151523, 0.000617
655360, read_rdadvise, 56, 0.150624, 0.000754
655360, read_rdadvise, 64, 0.150007, 0.001346
655360, read_rdadvise, 256, 0.150160, 0.003460
655360, read_async_nocache, 4, 0.305762, 0.032470
655360, read_async_nocache, 8, 0.204427, 0.008402
655360, read_async_nocache, 12, 0.193213, 0.012860
655360, read_async_nocache, 16, 0.172379, 0.014601
655360, read_async_nocache, 24, 0.158353, 0.013454
655360, read_async_nocache, 32, 0.155635, 0.021204
655360, read_async_nocache, 40, 0.138249, 0.010315
655360, read_async_nocache, 48, 0.142569, 0.018996
655360, read_async_nocache, 56, 0.145737, 0.024178
655360, read_async_nocache, 64, 0.144411, 0.020870
655360, read_async_nocache, 256, 0.156913, 0.028368
655360, read_async_rdahead, 4, 0.215697, 0.010553
655360, read_async_rdahead, 8, 0.148246, 0.011740
655360, read_async_rdahead, 12, 0.142509, 0.016736
655360, read_async_rdahead, 16, 0.155245, 0.030165
655360, read_async_rdahead, 24, 0.162060, 0.013317
655360, read_async_rdahead, 32, 0.168444, 0.014281
655360, read_async_rdahead, 40, 0.148262, 0.020515
655360, read_async_rdahead, 48, 0.146081, 0.018654
655360, read_async_rdahead, 56, 0.136501, 0.007025
655360, read_async_rdahead, 64, 0.141826, 0.009139
655360, read_async_rdahead, 256, 0.171059, 0.024776
655360, read_async_rdadvise, 4, 0.304780, 0.057941
655360, read_async_rdadvise, 8, 0.162161, 0.028507
655360, read_async_rdadvise, 12, 0.169248, 0.026385
655360, read_async_rdadvise, 16, 0.160080, 0.019163
655360, read_async_rdadvise, 24, 0.145161, 0.006369
655360, read_async_rdadvise, 32, 0.163302, 0.009719
655360, read_async_rdadvise, 40, 0.168640, 0.022888
655360, read_async_rdadvise, 48, 0.149099, 0.022645
655360, read_async_rdadvise, 56, 0.142214, 0.011033
655360, read_async_rdadvise, 64, 0.141413, 0.007447
655360, read_async_rdadvise, 256, 0.146786, 0.003337
655360, mmap_plain, 0, 0.281453, 0.018630
655360, mmap_nocache, 0, 0.273499, 0.002193
655360, mmap_rdahead, 0, 0.273288, 0.001610
655360, mmap_rdadvise, 0, 0.286293, 0.016156
65536, read_plain, 4, 0.050943, 0.009173
65536, read_plain, 8, 0.040204, 0.009464
65536, read_plain, 12, 0.027795, 0.002384
65536, read_plain, 16, 0.026104, 0.002923
65536, read_plain, 24, 0.024464, 0.000636
65536, read_plain, 32, 0.026210, 0.005102
65536, read_plain, 40, 0.024699, 0.001571
65536, read_plain, 48, 0.028039, 0.007306
65536, read_plain, 56, 0.024187, 0.000656
65536, read_plain, 64, 0.023551, 0.000646
65536, read_nocache, 4, 0.039634, 0.010272
65536, read_nocache, 8, 0.028893, 0.001264
65536, read_nocache, 12, 0.039450, 0.015711
65536, read_nocache, 16, 0.027500, 0.002605
65536, read_nocache, 24, 0.026947, 0.002943
65536, read_nocache, 32, 0.024857, 0.000721
65536, read_nocache, 40, 0.024520, 0.000614
65536, read_nocache, 48, 0.024494, 0.000256
65536, read_nocache, 56, 0.024485, 0.000343
65536, read_nocache, 64, 0.023639, 0.000340
65536, read_rdahead, 4, 0.034617, 0.002485
65536, read_rdahead, 8, 0.042223, 0.007963
65536, read_rdahead, 12, 0.027829, 0.001670
65536, read_rdahead, 16, 0.025478, 0.000640
65536, read_rdahead, 24, 0.024829, 0.000647
65536, read_rdahead, 32, 0.027040, 0.006249
65536, read_rdahead, 40, 0.025155, 0.001222
65536, read_rdahead, 48, 0.024883, 0.000650
65536, read_rdahead, 56, 0.026095, 0.002121
65536, read_rdahead, 64, 0.026064, 0.004113
65536, read_rdadvise, 4, 0.036428, 0.002958
65536, read_rdadvise, 8, 0.030268, 0.001914
65536, read_rdadvise, 12, 0.027927, 0.000740
65536, read_rdadvise, 16, 0.027755, 0.001471
65536, read_rdadvise, 24, 0.026108, 0.000534
65536, read_rdadvise, 32, 0.025508, 0.000602
65536, read_rdadvise, 40, 0.026111, 0.000584
65536, read_rdadvise, 48, 0.025958, 0.000374
65536, read_rdadvise, 56, 0.025912, 0.000356
65536, read_rdadvise, 64, 0.025149, 0.000481
65536, read_async_nocache, 4, 0.068276, 0.021913
65536, read_async_nocache, 8, 0.043397, 0.002318
65536, read_async_nocache, 12, 0.044638, 0.001942
65536, read_async_nocache, 16, 0.043196, 0.001030
65536, read_async_nocache, 24, 0.053420, 0.013559
65536, read_async_nocache, 32, 0.081785, 0.004497
65536, read_async_nocache, 40, 0.083532, 0.004183
65536, read_async_nocache, 48, 0.049675, 0.014051
65536, read_async_nocache, 56, 0.045310, 0.006452
65536, read_async_nocache, 64, 0.041200, 0.001277
65536, read_async_rdahead, 4, 0.053772, 0.002346
65536, read_async_rdahead, 8, 0.045200, 0.002596
65536, read_async_rdahead, 12, 0.045899, 0.000940
65536, read_async_rdahead, 16, 0.090128, 0.026059
65536, read_async_rdahead, 24, 0.052678, 0.017578
65536, read_async_rdahead, 32, 0.052643, 0.020917
65536, read_async_rdahead, 40, 0.044924, 0.004552
65536, read_async_rdahead, 48, 0.042452, 0.001814
65536, read_async_rdahead, 56, 0.041523, 0.001101
65536, read_async_rdahead, 64, 0.041350, 0.000859
65536, read_async_rdadvise, 4, 0.057825, 0.002171
65536, read_async_rdadvise, 8, 0.047350, 0.001556
65536, read_async_rdadvise, 12, 0.044542, 0.002539
65536, read_async_rdadvise, 16, 0.045211, 0.001044
65536, read_async_rdadvise, 24, 0.044654, 0.000871
65536, read_async_rdadvise, 32, 0.047116, 0.004289
65536, read_async_rdadvise, 40, 0.045085, 0.001806
65536, read_async_rdadvise, 48, 0.043990, 0.001879
65536, read_async_rdadvise, 56, 0.043284, 0.001528
65536, read_async_rdadvise, 64, 0.042581, 0.000824
65536, mmap_plain, 0, 0.044767, 0.013036
65536, mmap_nocache, 0, 0.038381, 0.000668
65536, mmap_rdahead, 0, 0.038811, 0.000791
65536, mmap_rdadvise, 0, 0.042284, 0.003934
786432, read_plain, 4, 0.338960, 0.026085
786432, read_plain, 8, 0.262646, 0.020474
786432, read_plain, 12, 0.210139, 0.003551
786432, read_plain, 16, 0.199473, 0.002704
786432, read_plain, 24, 0.187241, 0.003647
786432, read_plain, 32, 0.180557, 0.000537
786432, read_plain, 40, 0.192317, 0.011584
786432, read_plain, 48, 0.180628, 0.004941
786432, read_plain, 56, 0.177746, 0.018153
786432, read_plain, 64, 0.221206, 0.059389
786432, read_plain, 256, 0.359942, 0.112759
786432, read_nocache, 4, 0.404673, 0.095217
786432, read_nocache, 8, 0.307102, 0.109226
786432, read_nocache, 12, 0.230040, 0.040123
786432, read_nocache, 16, 0.257987, 0.035640
786432, read_nocache, 24, 0.246245, 0.022565
786432, read_nocache, 32, 0.213094, 0.026695
786432, read_nocache, 40, 0.180464, 0.001205
786432, read_nocache, 48, 0.175502, 0.000626
786432, read_nocache, 56, 0.173469, 0.000412
786432, read_nocache, 64, 0.171581, 0.000545
786432, read_nocache, 256, 0.170084, 0.003324
786432, read_rdahead, 4, 0.311445, 0.009103
786432, read_rdahead, 8, 0.252771, 0.034318
786432, read_rdahead, 12, 0.227612, 0.032837
786432, read_rdahead, 16, 0.207869, 0.023141
786432, read_rdahead, 24, 0.246495, 0.061135
786432, read_rdahead, 32, 0.197851, 0.041039
786432, read_rdahead, 40, 0.202169, 0.033262
786432, read_rdahead, 48, 0.202780, 0.035067
786432, read_rdahead, 56, 0.177839, 0.017504
786432, read_rdahead, 64, 0.175309, 0.016955
786432, read_rdahead, 256, 0.173721, 0.017564
786432, read_rdadvise, 4, 0.315779, 0.019025
786432, read_rdadvise, 8, 0.235310, 0.001865
786432, read_rdadvise, 12, 0.212747, 0.000908
786432, read_rdadvise, 16, 0.201701, 0.001163
786432, read_rdadvise, 24, 0.192018, 0.004206
786432, read_rdadvise, 32, 0.186162, 0.003330
786432, read_rdadvise, 40, 0.181857, 0.000675
786432, read_rdadvise, 48, 0.178547, 0.000779
786432, read_rdadvise, 56, 0.176932, 0.000447
786432, read_rdadvise, 64, 0.176136, 0.000962
786432, read_rdadvise, 256, 0.182488, 0.016385
786432, read_async_nocache, 4, 0.417189, 0.103122
786432, read_async_nocache, 8, 0.245041, 0.013343
786432, read_async_nocache, 12, 0.255808, 0.027296
786432, read_async_nocache, 16, 0.283982, 0.045550
786432, read_async_nocache, 24, 0.228767, 0.031244
786432, read_async_nocache, 32, 0.201145, 0.038262
786432, read_async_nocache, 40, 0.197748, 0.040531
786432, read_async_nocache, 48, 0.192836, 0.027498
786432, read_async_nocache, 56, 0.173918, 0.010638
786432, read_async_nocache, 64, 0.168297, 0.031484
786432, read_async_nocache, 256, 0.177720, 0.030702
786432, read_async_rdahead, 4, 0.254564, 0.012760
786432, read_async_rdahead, 8, 0.177346, 0.021037
786432, read_async_rdahead, 12, 0.226223, 0.047885
786432, read_async_rdahead, 16, 0.160100, 0.010271
786432, read_async_rdahead, 24, 0.167811, 0.016174
786432, read_async_rdahead, 32, 0.160894, 0.017419
786432, read_async_rdahead, 40, 0.172828, 0.015844
786432, read_async_rdahead, 48, 0.159404, 0.013042
786432, read_async_rdahead, 56, 0.158771, 0.012181
786432, read_async_rdahead, 64, 0.158667, 0.011322
786432, read_async_rdahead, 256, 0.163811, 0.002796
786432, read_async_rdadvise, 4, 0.255304, 0.013273
786432, read_async_rdadvise, 8, 0.178235, 0.016354
786432, read_async_rdadvise, 12, 0.166556, 0.014566
786432, read_async_rdadvise, 16, 0.163003, 0.010597
786432, read_async_rdadvise, 24, 0.162551, 0.012300
786432, read_async_rdadvise, 32, 0.163747, 0.011197
786432, read_async_rdadvise, 40, 0.178009, 0.018597
786432, read_async_rdadvise, 48, 0.164259, 0.010002
786432, read_async_rdadvise, 56, 0.162577, 0.011279
786432, read_async_rdadvise, 64, 0.175528, 0.015793
786432, read_async_rdadvise, 256, 0.236951, 0.069587
786432, mmap_plain, 0, 0.364180, 0.066389
786432, mmap_nocache, 0, 0.336360, 0.014383
786432, mmap_rdahead, 0, 0.374462, 0.010129
786432, mmap_rdadvise, 0, 0.339225, 0.021246
81920, read_plain, 4, 0.041905, 0.003994
81920, read_plain, 8, 0.033609, 0.002368
81920, read_plain, 12, 0.045402, 0.012472
81920, read_plain, 16, 0.037493, 0.003031
81920, read_plain, 24, 0.039378, 0.007418
81920, read_plain, 32, 0.030309, 0.005011
81920, read_plain, 40, 0.041123, 0.015027
81920, read_plain, 48, 0.030530, 0.004810
81920, read_plain, 56, 0.027866, 0.000653
81920, read_plain, 64, 0.027917, 0.000500
81920, read_nocache, 4, 0.052006, 0.019800
81920, read_nocache, 8, 0.035633, 0.003245
81920, read_nocache, 12, 0.032735, 0.002073
81920, read_nocache, 16, 0.032942, 0.003528
81920, read_nocache, 24, 0.032723, 0.003247
81920, read_nocache, 32, 0.031340, 0.004408
81920, read_nocache, 40, 0.030286, 0.004092
81920, read_nocache, 48, 0.030170, 0.003783
81920, read_nocache, 56, 0.030443, 0.004127
81920, read_nocache, 64, 0.030949, 0.004363
81920, read_rdahead, 4, 0.043475, 0.005512
81920, read_rdahead, 8, 0.032755, 0.000682
81920, read_rdahead, 12, 0.031026, 0.000327
81920, read_rdahead, 16, 0.030960, 0.000273
81920, read_rdahead, 24, 0.031950, 0.000950
81920, read_rdahead, 32, 0.032624, 0.003913
81920, read_rdahead, 40, 0.031425, 0.001392
81920, read_rdahead, 48, 0.030083, 0.001081
81920, read_rdahead, 56, 0.030978, 0.000813
81920, read_rdahead, 64, 0.029434, 0.000882
81920, read_rdadvise, 4, 0.045714, 0.004301
81920, read_rdadvise, 8, 0.037560, 0.001391
81920, read_rdadvise, 12, 0.036121, 0.001622
81920, read_rdadvise, 16, 0.032810, 0.001802
81920, read_rdadvise, 24, 0.031619, 0.001199
81920, read_rdadvise, 32, 0.030979, 0.001203
81920, read_rdadvise, 40, 0.031048, 0.002274
81920, read_rdadvise, 48, 0.029663, 0.000587
81920, read_rdadvise, 56, 0.029436, 0.000526
81920, read_rdadvise, 64, 0.029421, 0.000432
81920, read_async_nocache, 4, 0.097738, 0.035603
81920, read_async_nocache, 8, 0.054388, 0.007977
81920, read_async_nocache, 12, 0.048312, 0.002610
81920, read_async_nocache, 16, 0.047206, 0.001120
81920, read_async_nocache, 24, 0.046056, 0.001220
81920, read_async_nocache, 32, 0.049192, 0.005944
81920, read_async_nocache, 40, 0.049269, 0.006684
81920, read_async_nocache, 48, 0.048873, 0.005658
81920, read_async_nocache, 56, 0.048091, 0.005996
81920, read_async_nocache, 64, 0.045830, 0.003019
81920, read_async_rdahead, 4, 0.060343, 0.002470
81920, read_async_rdahead, 8, 0.048761, 0.002495
81920, read_async_rdahead, 12, 0.046416, 0.001117
81920, read_async_rdahead, 16, 0.045729, 0.000750
81920, read_async_rdahead, 24, 0.045446, 0.001018
81920, read_async_rdahead, 32, 0.047146, 0.004968
81920, read_async_rdahead, 40, 0.045450, 0.001087
81920, read_async_rdahead, 48, 0.044875, 0.001056
81920, read_async_rdahead, 56, 0.043897, 0.001157
81920, read_async_rdahead, 64, 0.043445, 0.000769
81920, read_async_rdadvise, 4, 0.074477, 0.014576
81920, read_async_rdadvise, 8, 0.053259, 0.003748
81920, read_async_rdadvise, 12, 0.054593, 0.005218
81920, read_async_rdadvise, 16, 0.059083, 0.013517
81920, read_async_rdadvise, 24, 0.068414, 0.012345
81920, read_async_rdadvise, 32, 0.053168, 0.007069
81920, read_async_rdadvise, 40, 0.049770, 0.001672
81920, read_async_rdadvise, 48, 0.048576, 0.001346
81920, read_async_rdadvise, 56, 0.047066, 0.001265
81920, read_async_rdadvise, 64, 0.046615, 0.000906
81920, mmap_plain, 0, 0.054194, 0.014176
81920, mmap_nocache, 0, 0.047130, 0.000917
81920, mmap_rdahead, 0, 0.048071, 0.001324
81920, mmap_rdadvise, 0, 0.047343, 0.000574
917504, read_plain, 4, 0.362273, 0.018356
917504, read_plain, 8, 0.273446, 0.003382
917504, read_plain, 12, 0.244966, 0.004762
917504, read_plain, 16, 0.258352, 0.019668
917504, read_plain, 24, 0.233919, 0.028037
917504, read_plain, 32, 0.226889, 0.028757
917504, read_plain, 40, 0.281660, 0.034858
917504, read_plain, 48, 0.234284, 0.025432
917504, read_plain, 56, 0.211084, 0.031003
917504, read_plain, 64, 0.201550, 0.016867
917504, read_plain, 256, 0.217396, 0.049544
917504, read_nocache, 4, 0.386791, 0.030072
917504, read_nocache, 8, 0.283323, 0.017959
917504, read_nocache, 12, 0.249734, 0.001547
917504, read_nocache, 16, 0.241347, 0.010567
917504, read_nocache, 24, 0.222576, 0.005194
917504, read_nocache, 32, 0.211308, 0.000845
917504, read_nocache, 40, 0.211532, 0.004985
917504, read_nocache, 48, 0.277836, 0.046106
917504, read_nocache, 56, 0.206752, 0.003846
917504, read_nocache, 64, 0.231068, 0.005331
917504, read_nocache, 256, 0.268371, 0.033066
917504, read_rdahead, 4, 0.413642, 0.055593
917504, read_rdahead, 8, 0.263997, 0.007274
917504, read_rdahead, 12, 0.245122, 0.018700
917504, read_rdahead, 16, 0.233220, 0.019021
917504, read_rdahead, 24, 0.245699, 0.038440
917504, read_rdahead, 32, 0.218463, 0.018611
917504, read_rdahead, 40, 0.279101, 0.039443
917504, read_rdahead, 48, 0.199415, 0.002481
917504, read_rdahead, 56, 0.254002, 0.052033
917504, read_rdahead, 64, 0.205031, 0.015911
917504, read_rdahead, 256, 0.203594, 0.020975
917504, read_rdadvise, 4, 0.366282, 0.022161
917504, read_rdadvise, 8, 0.273737, 0.017766
917504, read_rdadvise, 12, 0.240146, 0.000849
917504, read_rdadvise, 16, 0.227679, 0.000994
917504, read_rdadvise, 24, 0.244027, 0.040201
917504, read_rdadvise, 32, 0.233521, 0.037721
917504, read_rdadvise, 40, 0.228623, 0.033702
917504, read_rdadvise, 48, 0.233630, 0.032227
917504, read_rdadvise, 56, 0.214245, 0.017189
917504, read_rdadvise, 64, 0.212615, 0.017053
917504, read_rdadvise, 256, 0.214281, 0.016796
917504, read_async_nocache, 4, 0.427958, 0.050864
917504, read_async_nocache, 8, 0.281521, 0.035918
917504, read_async_nocache, 12, 0.276269, 0.065841
917504, read_async_nocache, 16, 0.250049, 0.058930
917504, read_async_nocache, 24, 0.235697, 0.042155
917504, read_async_nocache, 32, 0.249176, 0.052853
917504, read_async_nocache, 40, 0.223617, 0.025625
917504, read_async_nocache, 48, 0.210929, 0.025062
917504, read_async_nocache, 56, 0.221611, 0.052289
917504, read_async_nocache, 64, 0.200484, 0.013424
917504, read_async_nocache, 256, 0.206311, 0.031364
917504, read_async_rdahead, 4, 0.348990, 0.029828
917504, read_async_rdahead, 8, 0.237893, 0.024826
917504, read_async_rdahead, 12, 0.211975, 0.016898
917504, read_async_rdahead, 16, 0.214976, 0.029769
917504, read_async_rdahead, 24, 0.208735, 0.045995
917504, read_async_rdahead, 32, 0.197865, 0.017826
917504, read_async_rdahead, 40, 0.195982, 0.012012
917504, read_async_rdahead, 48, 0.196007, 0.001867
917504, read_async_rdahead, 56, 0.193916, 0.001835
917504, read_async_rdahead, 64, 0.195222, 0.003068
917504, read_async_rdahead, 256, 0.185569, 0.002990
917504, read_async_rdadvise, 4, 0.308891, 0.021252
917504, read_async_rdadvise, 8, 0.192865, 0.001693
917504, read_async_rdadvise, 12, 0.184041, 0.007063
917504, read_async_rdadvise, 16, 0.186152, 0.007865
917504, read_async_rdadvise, 24, 0.188937, 0.013352
917504, read_async_rdadvise, 32, 0.185789, 0.017875
917504, read_async_rdadvise, 40, 0.193513, 0.014596
917504, read_async_rdadvise, 48, 0.221013, 0.017694
917504, read_async_rdadvise, 56, 0.216813, 0.053945
917504, read_async_rdadvise, 64, 0.182937, 0.004384
917504, read_async_rdadvise, 256, 0.204634, 0.014878
917504, mmap_plain, 0, 0.473442, 0.015465
917504, mmap_nocache, 0, 0.400855, 0.025888
917504, mmap_rdahead, 0, 0.376778, 0.000875
917504, mmap_rdadvise, 0, 0.378595, 0.001143
8192, read_plain, 4, 0.013917, 0.003123
8192, read_plain, 8, 0.032994, 0.028146
8192, read_nocache, 4, 0.023978, 0.018496
8192, read_nocache, 8, 0.014486, 0.002047
8192, read_rdahead, 4, 0.015587, 0.002666
8192, read_rdahead, 8, 0.012426, 0.000454
8192, read_rdadvise, 4, 0.017597, 0.002565
8192, read_rdadvise, 8, 0.024389, 0.011265
8192, read_async_nocache, 4, 0.084423, 0.025001
8192, read_async_nocache, 8, 0.066620, 0.019506
8192, read_async_rdahead, 4, 0.065278, 0.017561
8192, read_async_rdahead, 8, 0.068711, 0.007503
8192, read_async_rdadvise, 4, 0.070178, 0.034865
8192, read_async_rdadvise, 8, 0.046605, 0.010209
8192, mmap_plain, 0, 0.025935, 0.015499
8192, mmap_nocache, 0, 0.018180, 0.001228
8192, mmap_rdahead, 0, 0.017933, 0.001339
8192, mmap_rdadvise, 0, 0.018244, 0.000827
98304, read_plain, 4, 0.047980, 0.003956
98304, read_plain, 8, 0.037786, 0.002425
98304, read_plain, 12, 0.034862, 0.002730
98304, read_plain, 16, 0.033901, 0.002892
98304, read_plain, 24, 0.031427, 0.000684
98304, read_plain, 32, 0.033230, 0.005408
98304, read_plain, 40, 0.031541, 0.001168
98304, read_plain, 48, 0.030634, 0.000563
98304, read_plain, 56, 0.030966, 0.001316
98304, read_plain, 64, 0.031007, 0.000982
98304, read_nocache, 4, 0.050809, 0.008038
98304, read_nocache, 8, 0.037499, 0.000532
98304, read_nocache, 12, 0.034730, 0.000803
98304, read_nocache, 16, 0.033403, 0.000387
98304, read_nocache, 24, 0.033884, 0.003703
98304, read_nocache, 32, 0.031708, 0.000564
98304, read_nocache, 40, 0.031895, 0.000838
98304, read_nocache, 48, 0.030929, 0.000804
98304, read_nocache, 56, 0.030753, 0.000354
98304, read_nocache, 64, 0.030755, 0.000327
98304, read_rdahead, 4, 0.046647, 0.001604
98304, read_rdahead, 8, 0.037001, 0.000518
98304, read_rdahead, 12, 0.034299, 0.000519
98304, read_rdahead, 16, 0.033270, 0.000609
98304, read_rdahead, 24, 0.031820, 0.000581
98304, read_rdahead, 32, 0.030958, 0.000551
98304, read_rdahead, 40, 0.031987, 0.000585
98304, read_rdahead, 48, 0.031248, 0.000732
98304, read_rdahead, 56, 0.031096, 0.000389
98304, read_rdahead, 64, 0.031377, 0.000771
98304, read_rdadvise, 4, 0.048349, 0.002504
98304, read_rdadvise, 8, 0.038341, 0.000572
98304, read_rdadvise, 12, 0.035841, 0.000635
98304, read_rdadvise, 16, 0.034786, 0.000976
98304, read_rdadvise, 24, 0.033380, 0.000866
98304, read_rdadvise, 32, 0.032400, 0.000655
98304, read_rdadvise, 40, 0.033131, 0.000557
98304, read_rdadvise, 48, 0.032231, 0.000495
98304, read_rdadvise, 56, 0.032590, 0.000510
98304, read_rdadvise, 64, 0.032560, 0.000560
98304, read_async_nocache, 4, 0.095702, 0.017414
98304, read_async_nocache, 8, 0.066791, 0.015737
98304, read_async_nocache, 12, 0.059614, 0.014397
98304, read_async_nocache, 16, 0.058839, 0.012942
98304, read_async_nocache, 24, 0.063125, 0.022094
98304, read_async_nocache, 32, 0.062926, 0.024510
98304, read_async_nocache, 40, 0.075029, 0.040637
98304, read_async_nocache, 48, 0.060839, 0.014797
98304, read_async_nocache, 56, 0.056778, 0.014606
98304, read_async_nocache, 64, 0.053965, 0.012425
98304, read_async_rdahead, 4, 0.067980, 0.007526
98304, read_async_rdahead, 8, 0.056245, 0.007837
98304, read_async_rdahead, 12, 0.053871, 0.008782
98304, read_async_rdahead, 16, 0.052529, 0.007514
98304, read_async_rdahead, 24, 0.055402, 0.006762
98304, read_async_rdahead, 32, 0.055323, 0.007127
98304, read_async_rdahead, 40, 0.077989, 0.012439
98304, read_async_rdahead, 48, 0.055493, 0.010905
98304, read_async_rdahead, 56, 0.048527, 0.001416
98304, read_async_rdahead, 64, 0.051627, 0.011478
98304, read_async_rdadvise, 4, 0.093848, 0.009754
98304, read_async_rdadvise, 8, 0.067660, 0.019291
98304, read_async_rdadvise, 12, 0.072467, 0.013032
98304, read_async_rdadvise, 16, 0.071971, 0.014071
98304, read_async_rdadvise, 24, 0.053315, 0.005739
98304, read_async_rdadvise, 32, 0.077317, 0.016855
98304, read_async_rdadvise, 40, 0.072226, 0.022671
98304, read_async_rdadvise, 48, 0.060521, 0.007947
98304, read_async_rdadvise, 56, 0.052898, 0.004141
98304, read_async_rdadvise, 64, 0.090948, 0.006227
98304, mmap_plain, 0, 0.061927, 0.016071
98304, mmap_nocache, 0, 0.059185, 0.008678
98304, mmap_rdahead, 0, 0.069172, 0.007959
98304, mmap_rdadvise, 0, 0.057956, 0.007020
