117440512, read_plain, 4, 80.881301, 1.033185
117440512, read_plain, 8, 70.352627, 1.566932
117440512, read_plain, 12, 69.279160, 2.634851
117440512, read_plain, 16, 66.798556, 0.632150
117440512, read_plain, 24, 62.201108, 1.279899
117440512, read_plain, 32, 63.206248, 2.191155
117440512, read_plain, 40, 63.222914, 1.908733
117440512, read_plain, 48, 63.015573, 0.664442
117440512, read_plain, 56, 63.254175, 2.347734
117440512, read_plain, 64, 60.256103, 0.901542
117440512, read_plain, 256, 57.714548, 1.970945
117440512, read_plain, 1024, 58.884619, 1.585760
117440512, read_plain, 4096, 68.893304, 11.385516
117440512, read_plain, 16384, 67.756336, 1.261730
117440512, read_plain, 65536, 74.054520, 6.705188
117440512, read_nocache, 4, 971.452796, 15.481910
117440512, read_nocache, 8, 575.389982, 61.018469
117440512, read_nocache, 12, 499.184503, 61.749993
117440512, read_nocache, 16, 429.437168, 76.506496
117440512, read_nocache, 24, 343.509176, 57.275109
117440512, read_nocache, 32, 229.742762, 6.625923
117440512, read_nocache, 40, 232.732359, 19.412694
117440512, read_nocache, 48, 199.818281, 9.848200
117440512, read_nocache, 56, 239.304321, 69.579250
117440512, read_nocache, 64, 189.495896, 2.930365
117440512, read_nocache, 256, 134.404343, 13.778014
117440512, read_nocache, 1024, 99.230781, 4.284738
117440512, read_nocache, 4096, 74.364033, 1.723794
117440512, read_nocache, 16384, 68.929214, 0.877635
117440512, read_nocache, 65536, 76.031660, 2.263410
117440512, read_rdahead, 4, 82.321478, 1.457622
117440512, read_rdahead, 8, 71.711740, 2.424656
117440512, read_rdahead, 12, 68.665119, 2.015042
117440512, read_rdahead, 16, 67.149906, 1.235869
117440512, read_rdahead, 24, 64.206110, 1.181349
117440512, read_rdahead, 32, 63.861247, 1.471753
117440512, read_rdahead, 40, 61.485802, 1.777648
117440512, read_rdahead, 48, 62.605073, 2.016717
117440512, read_rdahead, 56, 65.950850, 11.533374
117440512, read_rdahead, 64, 66.981512, 11.129032
117440512, read_rdahead, 256, 59.518635, 2.211646
117440512, read_rdahead, 1024, 58.756630, 2.106740
117440512, read_rdahead, 4096, 67.240756, 8.881531
117440512, read_rdahead, 16384, 70.049399, 1.920350
117440512, read_rdahead, 65536, 75.030530, 6.588578
117440512, read_rdadvise, 4, 93.534059, 2.440690
117440512, read_rdadvise, 8, 89.689841, 10.381395
117440512, read_rdadvise, 12, 79.716991, 1.444592
117440512, read_rdadvise, 16, 77.975421, 1.017943
117440512, read_rdadvise, 24, 79.589727, 2.377953
117440512, read_rdadvise, 32, 77.243116, 0.645923
117440512, read_rdadvise, 40, 75.106246, 1.813389
117440512, read_rdadvise, 48, 75.970317, 1.111351
117440512, read_rdadvise, 56, 76.329463, 1.270283
117440512, read_rdadvise, 64, 75.245418, 1.212564
117440512, read_rdadvise, 256, 73.680511, 1.041067
117440512, read_rdadvise, 1024, 74.881352, 0.474934
117440512, read_rdadvise, 4096, 78.290768, 3.811432
117440512, read_rdadvise, 16384, 80.784481, 0.750250
117440512, read_rdadvise, 65536, 85.296555, 1.662944
117440512, read_async_nocache, 4, 924.990607, 9.108750
117440512, read_async_nocache, 8, 578.303363, 38.493911
117440512, read_async_nocache, 12, 456.637706, 39.451878
117440512, read_async_nocache, 16, 393.822411, 28.651600
117440512, read_async_nocache, 24, 306.100586, 21.151596
117440512, read_async_nocache, 32, 210.150935, 7.417646
117440512, read_async_nocache, 40, 193.231993, 11.424228
117440512, read_async_nocache, 48, 185.708184, 22.984003
117440512, read_async_nocache, 56, 175.150834, 14.205441
117440512, read_async_nocache, 64, 158.237219, 9.551120
117440512, read_async_nocache, 256, 91.259878, 16.080785
117440512, read_async_nocache, 1024, 77.073978, 1.804193
117440512, read_async_nocache, 4096, 69.629556, 15.242808
117440512, read_async_nocache, 16384, 61.351505, 0.659631
117440512, read_async_nocache, 65536, 82.790883, 14.219817
117440512, read_async_rdahead, 4, 71.041031, 4.119053
117440512, read_async_rdahead, 8, 58.225389, 1.984522
117440512, read_async_rdahead, 12, 55.589235, 2.015777
117440512, read_async_rdahead, 16, 57.937135, 5.690552
117440512, read_async_rdahead, 24, 57.222375, 1.710802
117440512, read_async_rdahead, 32, 54.301145, 1.149194
117440512, read_async_rdahead, 40, 54.943689, 1.485638
117440512, read_async_rdahead, 48, 53.570422, 0.946301
117440512, read_async_rdahead, 56, 55.697829, 0.663084
117440512, read_async_rdahead, 64, 55.416204, 3.812220
117440512, read_async_rdahead, 256, 51.477616, 0.958166
117440512, read_async_rdahead, 1024, 51.420685, 0.641900
117440512, read_async_rdahead, 4096, 53.582766, 0.589066
117440512, read_async_rdahead, 16384, 63.556922, 9.678229
117440512, read_async_rdahead, 65536, 73.852714, 10.717763
117440512, read_async_rdadvise, 4, 87.586313, 2.597459
117440512, read_async_rdadvise, 8, 75.559567, 2.814750
117440512, read_async_rdadvise, 12, 73.127156, 2.127735
117440512, read_async_rdadvise, 16, 70.330875, 1.104040
117440512, read_async_rdadvise, 24, 68.590722, 1.544740
117440512, read_async_rdadvise, 32, 65.021983, 1.571469
117440512, read_async_rdadvise, 40, 65.671786, 1.465033
117440512, read_async_rdadvise, 48, 68.894618, 1.451429
117440512, read_async_rdadvise, 56, 66.021452, 1.399696
117440512, read_async_rdadvise, 64, 66.483980, 2.192545
117440512, read_async_rdadvise, 256, 66.365422, 2.315321
117440512, read_async_rdadvise, 1024, 80.682512, 27.172598
117440512, read_async_rdadvise, 4096, 69.156896, 1.395282
117440512, read_async_rdadvise, 16384, 87.034112, 29.281085
117440512, read_async_rdadvise, 65536, 84.043295, 1.466728
117440512, mmap_plain, 0, 242.831439, 3.273043
117440512, mmap_nocache, 0, 246.152704, 17.640498
117440512, mmap_rdahead, 0, 246.085185, 18.879399
117440512, mmap_rdadvise, 0, 101.688069, 3.054358
16777216, read_plain, 4, 13.724387, 0.877553
16777216, read_plain, 8, 15.047119, 2.614700
16777216, read_plain, 12, 13.101288, 1.033319
16777216, read_plain, 16, 14.655049, 2.670472
16777216, read_plain, 24, 11.456754, 1.270193
16777216, read_plain, 32, 11.975044, 2.032406
16777216, read_plain, 40, 12.484519, 1.556949
16777216, read_plain, 48, 10.760759, 1.008858
16777216, read_plain, 56, 12.705439, 1.442163
16777216, read_plain, 64, 12.537949, 1.574656
16777216, read_plain, 256, 11.683265, 1.256356
16777216, read_plain, 1024, 11.271221, 1.403934
16777216, read_plain, 4096, 10.787108, 0.676747
16777216, read_plain, 16384, 13.825427, 1.184065
16777216, read_nocache, 4, 165.765471, 9.141334
16777216, read_nocache, 8, 88.785252, 10.499153
16777216, read_nocache, 12, 80.594877, 13.555687
16777216, read_nocache, 16, 59.521139, 11.359652
16777216, read_nocache, 24, 53.423521, 11.765470
16777216, read_nocache, 32, 39.534738, 2.666700
16777216, read_nocache, 40, 32.774442, 2.156289
16777216, read_nocache, 48, 31.723345, 2.007125
16777216, read_nocache, 56, 32.734269, 4.349766
16777216, read_nocache, 64, 30.623273, 2.174372
16777216, read_nocache, 256, 20.935986, 2.048080
16777216, read_nocache, 1024, 14.493113, 0.696459
16777216, read_nocache, 4096, 12.582116, 0.799123
16777216, read_nocache, 16384, 13.336168, 0.939422
16777216, read_rdahead, 4, 14.735475, 1.080244
16777216, read_rdahead, 8, 14.099863, 0.438673
16777216, read_rdahead, 12, 14.258997, 1.156156
16777216, read_rdahead, 16, 11.600067, 1.598295
16777216, read_rdahead, 24, 11.269399, 0.964978
16777216, read_rdahead, 32, 12.194627, 1.571908
16777216, read_rdahead, 40, 12.001392, 1.912703
16777216, read_rdahead, 48, 12.304066, 1.376432
16777216, read_rdahead, 56, 12.483886, 1.724907
16777216, read_rdahead, 64, 11.328252, 1.283939
16777216, read_rdahead, 256, 11.505480, 0.346827
16777216, read_rdahead, 1024, 11.530693, 1.599259
16777216, read_rdahead, 4096, 11.023138, 1.141661
16777216, read_rdahead, 16384, 13.858463, 1.502456
16777216, read_rdadvise, 4, 13.425502, 1.058833
16777216, read_rdadvise, 8, 12.300842, 0.820497
16777216, read_rdadvise, 12, 10.441040, 1.430440
16777216, read_rdadvise, 16, 10.388693, 1.813957
16777216, read_rdadvise, 24, 9.359648, 1.031482
16777216, read_rdadvise, 32, 9.059692, 0.653945
16777216, read_rdadvise, 40, 8.765978, 0.884953
16777216, read_rdadvise, 48, 9.539953, 1.063950
16777216, read_rdadvise, 56, 11.038246, 0.879029
16777216, read_rdadvise, 64, 11.015198, 1.710361
16777216, read_rdadvise, 256, 10.527673, 1.092154
16777216, read_rdadvise, 1024, 10.100339, 1.321100
16777216, read_rdadvise, 4096, 9.941968, 1.381109
16777216, read_rdadvise, 16384, 12.149873, 1.413821
16777216, read_async_nocache, 4, 141.256146, 3.877387
16777216, read_async_nocache, 8, 88.397345, 5.711347
16777216, read_async_nocache, 12, 74.084088, 6.407145
16777216, read_async_nocache, 16, 57.314806, 3.750313
16777216, read_async_nocache, 24, 45.040543, 9.160385
16777216, read_async_nocache, 32, 31.718481, 1.556428
16777216, read_async_nocache, 40, 29.268279, 2.568974
16777216, read_async_nocache, 48, 27.977835, 1.895559
16777216, read_async_nocache, 56, 31.444945, 6.000426
16777216, read_async_nocache, 64, 30.735826, 3.339407
16777216, read_async_nocache, 256, 15.246052, 1.729429
16777216, read_async_nocache, 1024, 11.901675, 0.643072
16777216, read_async_nocache, 4096, 11.658474, 0.879142
16777216, read_async_nocache, 16384, 13.389771, 0.657470
16777216, read_async_rdahead, 4, 13.637851, 1.235544
16777216, read_async_rdahead, 8, 11.999649, 1.521175
16777216, read_async_rdahead, 12, 11.734774, 0.888278
16777216, read_async_rdahead, 16, 10.962357, 1.082024
16777216, read_async_rdahead, 24, 9.969613, 0.530237
16777216, read_async_rdahead, 32, 12.186919, 0.949084
16777216, read_async_rdahead, 40, 11.355055, 0.905965
16777216, read_async_rdahead, 48, 10.869872, 1.342885
16777216, read_async_rdahead, 56, 11.780251, 1.284595
16777216, read_async_rdahead, 64, 12.233502, 0.657798
16777216, read_async_rdahead, 256, 10.113114, 1.127342
16777216, read_async_rdahead, 1024, 10.275426, 1.230592
16777216, read_async_rdahead, 4096, 11.128976, 1.375267
16777216, read_async_rdahead, 16384, 13.952233, 1.185970
16777216, read_async_rdadvise, 4, 12.825321, 1.272878
16777216, read_async_rdadvise, 8, 11.176997, 1.241456
16777216, read_async_rdadvise, 12, 11.104128, 1.139841
16777216, read_async_rdadvise, 16, 10.568855, 1.082559
16777216, read_async_rdadvise, 24, 10.794650, 0.671547
16777216, read_async_rdadvise, 32, 9.564684, 1.121252
16777216, read_async_rdadvise, 40, 10.078299, 0.455003
16777216, read_async_rdadvise, 48, 8.578696, 1.853729
16777216, read_async_rdadvise, 56, 10.194489, 0.225078
16777216, read_async_rdadvise, 64, 9.737213, 1.119951
16777216, read_async_rdadvise, 256, 9.150902, 1.699991
16777216, read_async_rdadvise, 1024, 10.543609, 1.234798
16777216, read_async_rdadvise, 4096, 11.276363, 0.727913
16777216, read_async_rdadvise, 16384, 11.850653, 1.088077
16777216, mmap_plain, 0, 35.711047, 5.508943
16777216, mmap_nocache, 0, 30.445784, 3.330225
16777216, mmap_rdahead, 0, 35.822236, 7.515916
16777216, mmap_rdadvise, 0, 12.933501, 1.462412
1048576, read_plain, 4, 4.343263, 2.624342
1048576, read_plain, 8, 4.058247, 1.528513
1048576, read_plain, 12, 2.879220, 0.632150
1048576, read_plain, 16, 2.830881, 0.493475
1048576, read_plain, 24, 3.062471, 0.572027
1048576, read_plain, 32, 3.171856, 0.765839
1048576, read_plain, 40, 2.976253, 0.648928
1048576, read_plain, 48, 2.608720, 0.714905
1048576, read_plain, 56, 2.497583, 0.203563
1048576, read_plain, 64, 2.472555, 0.530001
1048576, read_plain, 256, 2.777507, 0.935843
1048576, read_plain, 1024, 2.740788, 0.757969
1048576, read_nocache, 4, 13.825574, 3.851733
1048576, read_nocache, 8, 8.584883, 2.876963
1048576, read_nocache, 12, 7.682302, 1.301725
1048576, read_nocache, 16, 5.630438, 0.717427
1048576, read_nocache, 24, 4.871688, 0.498750
1048576, read_nocache, 32, 7.379079, 2.579874
1048576, read_nocache, 40, 4.795991, 0.841474
1048576, read_nocache, 48, 5.595273, 0.934687
1048576, read_nocache, 56, 7.189300, 2.766552
1048576, read_nocache, 64, 4.982416, 2.144134
1048576, read_nocache, 256, 2.249012, 0.496783
1048576, read_nocache, 1024, 3.173580, 1.284596
1048576, read_rdahead, 4, 3.435216, 0.851037
1048576, read_rdahead, 8, 3.160196, 0.325334
1048576, read_rdahead, 12, 3.335823, 0.938744
1048576, read_rdahead, 16, 3.220463, 0.910984
1048576, read_rdahead, 24, 2.579374, 0.488173
1048576, read_rdahead, 32, 3.639462, 0.441837
1048576, read_rdahead, 40, 2.774084, 0.562853
1048576, read_rdahead, 48, 3.230494, 0.946714
1048576, read_rdahead, 56, 3.636220, 0.820315
1048576, read_rdahead, 64, 3.692776, 1.087768
1048576, read_rdahead, 256, 3.212049, 0.993884
1048576, read_rdahead, 1024, 2.237919, 0.494618
1048576, read_rdadvise, 4, 2.605911, 0.881078
1048576, read_rdadvise, 8, 2.534780, 1.009087
1048576, read_rdadvise, 12, 3.118304, 1.133428
1048576, read_rdadvise, 16, 3.173559, 2.457851
1048576, read_rdadvise, 24, 4.144761, 3.206706
1048576, read_rdadvise, 32, 3.106252, 1.621185
1048576, read_rdadvise, 40, 3.090333, 1.428171
1048576, read_rdadvise, 48, 2.755552, 2.130848
1048576, read_rdadvise, 56, 2.422726, 1.164406
1048576, read_rdadvise, 64, 2.367906, 1.111777
1048576, read_rdadvise, 256, 4.541015, 2.235312
1048576, read_rdadvise, 1024, 2.492702, 0.665469
1048576, read_async_nocache, 4, 14.780505, 2.680883
1048576, read_async_nocache, 8, 9.525679, 1.128772
1048576, read_async_nocache, 12, 8.583038, 2.529347
1048576, read_async_nocache, 16, 5.947470, 1.454075
1048576, read_async_nocache, 24, 6.042388, 1.168579
1048576, read_async_nocache, 32, 7.172607, 2.233269
1048576, read_async_nocache, 40, 5.838740, 1.507800
1048576, read_async_nocache, 48, 6.375210, 1.457567
1048576, read_async_nocache, 56, 6.177863, 1.484358
1048576, read_async_nocache, 64, 4.809290, 0.970400
1048576, read_async_nocache, 256, 4.968420, 2.867518
1048576, read_async_nocache, 1024, 5.218981, 1.657868
1048576, read_async_rdahead, 4, 4.123976, 1.200261
1048576, read_async_rdahead, 8, 5.357979, 1.326781
1048576, read_async_rdahead, 12, 4.613636, 1.523717
1048576, read_async_rdahead, 16, 5.231884, 2.031323
1048576, read_async_rdahead, 24, 4.475696, 1.193746
1048576, read_async_rdahead, 32, 3.971610, 0.867481
1048576, read_async_rdahead, 40, 3.703888, 1.234346
1048576, read_async_rdahead, 48, 3.580665, 1.087138
1048576, read_async_rdahead, 56, 4.725654, 1.560123
1048576, read_async_rdahead, 64, 7.722655, 4.205690
1048576, read_async_rdahead, 256, 3.890264, 1.242676
1048576, read_async_rdahead, 1024, 2.484807, 0.610147
1048576, read_async_rdadvise, 4, 3.906408, 1.337448
1048576, read_async_rdadvise, 8, 3.413782, 1.490955
1048576, read_async_rdadvise, 12, 3.713913, 1.329140
1048576, read_async_rdadvise, 16, 3.827465, 1.303714
1048576, read_async_rdadvise, 24, 2.318451, 0.830157
1048576, read_async_rdadvise, 32, 3.300354, 1.288009
1048576, read_async_rdadvise, 40, 3.193921, 0.808409
1048576, read_async_rdadvise, 48, 3.398580, 1.419697
1048576, read_async_rdadvise, 56, 3.278944, 1.691485
1048576, read_async_rdadvise, 64, 3.931163, 1.544671
1048576, read_async_rdadvise, 256, 2.984988, 0.751231
1048576, read_async_rdadvise, 1024, 2.630190, 0.619776
1048576, mmap_plain, 0, 5.017222, 3.827761
1048576, mmap_nocache, 0, 3.158486, 0.746746
1048576, mmap_rdahead, 0, 3.627583, 1.238209
1048576, mmap_rdadvise, 0, 2.228331, 1.243898
268435456, read_plain, 4, 186.460738, 2.141495
268435456, read_plain, 8, 163.733859, 0.832417
268435456, read_plain, 12, 157.271675, 4.218980
268435456, read_plain, 16, 163.390333, 6.164853
268435456, read_plain, 24, 148.333716, 1.925155
268435456, read_plain, 32, 146.271213, 2.973846
268435456, read_plain, 40, 146.972178, 3.476809
268435456, read_plain, 48, 144.862174, 1.169091
268435456, read_plain, 56, 144.073412, 1.223457
268435456, read_plain, 64, 142.578841, 0.743325
268435456, read_plain, 256, 138.046182, 2.307207
268435456, read_plain, 1024, 143.612715, 10.691272
268435456, read_plain, 4096, 151.555724, 6.106984
268435456, read_plain, 16384, 151.841220, 1.212703
268435456, read_plain, 65536, 166.872543, 6.131879
268435456, read_plain, 262144, 225.251403, 3.821986
268435456, read_nocache, 4, 2160.907311, 13.629820
268435456, read_nocache, 8, 1365.716059, 170.857763
268435456, read_nocache, 12, 1056.475895, 165.140334
268435456, read_nocache, 16, 860.641344, 103.673708
268435456, read_nocache, 24, 692.931231, 110.157016
268435456, read_nocache, 32, 519.551528, 8.521210
268435456, read_nocache, 40, 580.175113, 127.461745
268435456, read_nocache, 48, 566.902631, 173.677569
268435456, read_nocache, 56, 486.106017, 20.004444
268435456, read_nocache, 64, 404.690048, 7.698089
268435456, read_nocache, 256, 307.291920, 9.553311
268435456, read_nocache, 1024, 205.437640, 2.671751
268435456, read_nocache, 4096, 169.919412, 5.004178
268435456, read_nocache, 16384, 157.174045, 6.610276
268435456, read_nocache, 65536, 164.529838, 1.546019
268435456, read_nocache, 262144, 195.323361, 2.472372
268435456, read_rdahead, 4, 185.368425, 1.267867
268435456, read_rdahead, 8, 163.877546, 4.300804
268435456, read_rdahead, 12, 158.845649, 5.254153
268435456, read_rdahead, 16, 151.582065, 1.661944
268435456, read_rdahead, 24, 150.764233, 1.850631
268435456, read_rdahead, 32, 146.093445, 3.050600
268435456, read_rdahead, 40, 147.045846, 1.391106
268435456, read_rdahead, 48, 143.915166, 0.914629
268435456, read_rdahead, 56, 143.780496, 2.090381
268435456, read_rdahead, 64, 143.035420, 2.174839
268435456, read_rdahead, 256, 139.892904, 2.127577
268435456, read_rdahead, 1024, 139.750818, 2.250335
268435456, read_rdahead, 4096, 147.107612, 1.125945
268435456, read_rdahead, 16384, 153.250027, 1.302300
268435456, read_rdahead, 65536, 165.215023, 5.339762
268435456, read_rdahead, 262144, 224.918762, 2.186773
268435456, read_rdadvise, 4, 217.649732, 2.902832
268435456, read_rdadvise, 8, 190.853386, 1.732730
268435456, read_rdadvise, 12, 182.907879, 2.098631
268435456, read_rdadvise, 16, 181.173860, 3.315484
268435456, read_rdadvise, 24, 176.152323, 1.739529
268435456, read_rdadvise, 32, 171.339172, 3.020589
268435456, read_rdadvise, 40, 172.589385, 3.228900
268435456, read_rdadvise, 48, 171.077437, 3.180720
268435456, read_rdadvise, 56, 170.843028, 2.314735
268435456, read_rdadvise, 64, 169.509441, 4.018739
268435456, read_rdadvise, 256, 166.907875, 1.883611
268435456, read_rdadvise, 1024, 166.289888, 2.231279
268435456, read_rdadvise, 4096, 173.407034, 3.553108
268435456, read_rdadvise, 16384, 179.969193, 1.721606
268435456, read_rdadvise, 65536, 183.118517, 2.392251
268435456, read_rdadvise, 262144, 260.519139, 2.428259
268435456, read_async_nocache, 4, 2169.588268, 179.609765
268435456, read_async_nocache, 8, 1582.827868, 225.358719
268435456, read_async_nocache, 12, 1163.056041, 116.334789
268435456, read_async_nocache, 16, 958.078458, 80.107158
268435456, read_async_nocache, 24, 758.923862, 33.969668
268435456, read_async_nocache, 32, 512.218782, 23.817076
268435456, read_async_nocache, 40, 457.828338, 16.668805
268435456, read_async_nocache, 48, 403.158410, 17.650735
268435456, read_async_nocache, 56, 399.870177, 25.352857
268435456, read_async_nocache, 64, 362.304046, 11.087043
268435456, read_async_nocache, 256, 189.016396, 5.549254
268435456, read_async_nocache, 1024, 162.314266, 5.163206
268435456, read_async_nocache, 4096, 132.084617, 2.353775
268435456, read_async_nocache, 16384, 118.785517, 2.597655
268435456, read_async_nocache, 65536, 139.950941, 3.649520
268435456, read_async_nocache, 262144, 220.558609, 26.226891
268435456, read_async_rdahead, 4, 171.657708, 19.502961
268435456, read_async_rdahead, 8, 173.308143, 28.041719
268435456, read_async_rdahead, 12, 150.380293, 29.274378
268435456, read_async_rdahead, 16, 146.043124, 29.867892
268435456, read_async_rdahead, 24, 124.710871, 10.236358
268435456, read_async_rdahead, 32, 133.430798, 28.103275
268435456, read_async_rdahead, 40, 120.407649, 1.281021
268435456, read_async_rdahead, 48, 142.662334, 30.803406
268435456, read_async_rdahead, 56, 147.033396, 29.628462
268435456, read_async_rdahead, 64, 135.509114, 26.832936
268435456, read_async_rdahead, 256, 129.998722, 17.469998
268435456, read_async_rdahead, 1024, 119.713317, 1.286176
268435456, read_async_rdahead, 4096, 136.787522, 27.117279
268435456, read_async_rdahead, 16384, 127.597492, 1.905521
268435456, read_async_rdahead, 65536, 175.383179, 39.685785
268435456, read_async_rdahead, 262144, 241.001165, 6.062409
268435456, read_async_rdadvise, 4, 238.290316, 25.065638
268435456, read_async_rdadvise, 8, 201.609076, 12.981407
268435456, read_async_rdadvise, 12, 188.615143, 6.436892
268435456, read_async_rdadvise, 16, 175.808619, 7.251226
268435456, read_async_rdadvise, 24, 184.166630, 11.692535
268435456, read_async_rdadvise, 32, 181.861705, 18.020317
268435456, read_async_rdadvise, 40, 171.239350, 15.432326
268435456, read_async_rdadvise, 48, 168.311327, 8.088226
268435456, read_async_rdadvise, 56, 162.485856, 6.400091
268435456, read_async_rdadvise, 64, 160.731552, 4.375474
268435456, read_async_rdadvise, 256, 160.449389, 3.297160
268435456, read_async_rdadvise, 1024, 163.567401, 6.929351
268435456, read_async_rdadvise, 4096, 180.516729, 28.592869
268435456, read_async_rdadvise, 16384, 175.466543, 2.807145
268435456, read_async_rdadvise, 65536, 185.846581, 6.532425
268435456, read_async_rdadvise, 262144, 287.993838, 12.730124
268435456, mmap_plain, 0, 559.892386, 17.855358
268435456, mmap_nocache, 0, 587.454654, 16.951499
268435456, mmap_rdahead, 0, 569.204161, 11.884277
268435456, mmap_rdadvise, 0, 250.673694, 5.519674
2097152, read_plain, 4, 4.102685, 0.659038
2097152, read_plain, 8, 4.319989, 0.771197
2097152, read_plain, 12, 4.014333, 0.959530
2097152, read_plain, 16, 3.851387, 0.446981
2097152, read_plain, 24, 4.015504, 0.854099
2097152, read_plain, 32, 3.509349, 1.019289
2097152, read_plain, 40, 3.804791, 0.581178
2097152, read_plain, 48, 3.417583, 0.108512
2097152, read_plain, 56, 3.564871, 0.709067
2097152, read_plain, 64, 3.987124, 0.586871
2097152, read_plain, 256, 3.560281, 0.619438
2097152, read_plain, 1024, 3.582486, 0.596491
2097152, read_nocache, 4, 23.048900, 4.522649
2097152, read_nocache, 8, 15.104165, 3.602301
2097152, read_nocache, 12, 11.365248, 1.003055
2097152, read_nocache, 16, 9.825250, 1.377761
2097152, read_nocache, 24, 8.565652, 1.574757
2097152, read_nocache, 32, 6.826629, 0.324674
2097152, read_nocache, 40, 8.578387, 3.875973
2097152, read_nocache, 48, 8.399946, 2.437917
2097152, read_nocache, 56, 8.434720, 1.976593
2097152, read_nocache, 64, 9.452052, 3.278776
2097152, read_nocache, 256, 3.648224, 0.790293
2097152, read_nocache, 1024, 3.612345, 0.940395
2097152, read_rdahead, 4, 3.433972, 0.129770
2097152, read_rdahead, 8, 4.101656, 0.825696
2097152, read_rdahead, 12, 5.131461, 1.229960
2097152, read_rdahead, 16, 5.379754, 1.298969
2097152, read_rdahead, 24, 4.480054, 0.615373
2097152, read_rdahead, 32, 4.743230, 0.406384
2097152, read_rdahead, 40, 4.353321, 0.493090
2097152, read_rdahead, 48, 4.059587, 0.806807
2097152, read_rdahead, 56, 5.188595, 1.469648
2097152, read_rdahead, 64, 4.585820, 0.854222
2097152, read_rdahead, 256, 3.874329, 0.767354
2097152, read_rdahead, 1024, 3.991504, 1.381972
2097152, read_rdadvise, 4, 3.224647, 0.431667
2097152, read_rdadvise, 8, 2.956350, 0.318901
2097152, read_rdadvise, 12, 2.381922, 0.370563
2097152, read_rdadvise, 16, 2.638455, 0.457243
2097152, read_rdadvise, 24, 3.109488, 0.386467
2097152, read_rdadvise, 32, 2.428052, 0.356174
2097152, read_rdadvise, 40, 3.102812, 0.784569
2097152, read_rdadvise, 48, 3.319689, 0.791293
2097152, read_rdadvise, 56, 3.034217, 0.830752
2097152, read_rdadvise, 64, 2.323326, 0.442317
2097152, read_rdadvise, 256, 2.878801, 0.590510
2097152, read_rdadvise, 1024, 2.915318, 0.701752
2097152, read_async_nocache, 4, 24.075752, 4.434135
2097152, read_async_nocache, 8, 15.260177, 1.495010
2097152, read_async_nocache, 12, 12.323277, 2.289786
2097152, read_async_nocache, 16, 10.707972, 2.054184
2097152, read_async_nocache, 24, 8.779178, 2.127245
2097152, read_async_nocache, 32, 8.538330, 1.642738
2097152, read_async_nocache, 40, 9.096072, 3.072657
2097152, read_async_nocache, 48, 8.000597, 2.507151
2097152, read_async_nocache, 56, 7.519731, 1.293942
2097152, read_async_nocache, 64, 6.859942, 1.341908
2097152, read_async_nocache, 256, 4.932565, 1.175368
2097152, read_async_nocache, 1024, 4.256752, 0.721030
2097152, read_async_rdahead, 4, 5.406127, 1.089018
2097152, read_async_rdahead, 8, 4.348210, 0.995670
2097152, read_async_rdahead, 12, 4.628773, 0.885540
2097152, read_async_rdahead, 16, 5.651060, 0.956899
2097152, read_async_rdahead, 24, 5.277227, 0.625558
2097152, read_async_rdahead, 32, 4.652055, 1.322614
2097152, read_async_rdahead, 40, 3.928931, 0.813777
2097152, read_async_rdahead, 48, 5.421063, 1.156454
2097152, read_async_rdahead, 56, 5.582830, 1.292084
2097152, read_async_rdahead, 64, 4.233488, 0.740125
2097152, read_async_rdahead, 256, 4.134866, 1.058887
2097152, read_async_rdahead, 1024, 3.443276, 0.605954
2097152, read_async_rdadvise, 4, 3.390492, 0.842453
2097152, read_async_rdadvise, 8, 2.962198, 0.415901
2097152, read_async_rdadvise, 12, 2.976815, 0.653577
2097152, read_async_rdadvise, 16, 3.509560, 0.986656
2097152, read_async_rdadvise, 24, 2.880855, 0.651219
2097152, read_async_rdadvise, 32, 2.843425, 0.803649
2097152, read_async_rdadvise, 40, 3.485890, 0.730923
2097152, read_async_rdadvise, 48, 3.583838, 0.988095
2097152, read_async_rdadvise, 56, 3.172069, 0.501898
2097152, read_async_rdadvise, 64, 3.047248, 1.143703
2097152, read_async_rdadvise, 256, 3.959314, 0.941775
2097152, read_async_rdadvise, 1024, 3.222342, 0.400488
2097152, mmap_plain, 0, 7.027643, 2.911909
2097152, mmap_nocache, 0, 5.142019, 1.409213
2097152, mmap_rdahead, 0, 6.259580, 1.198963
2097152, mmap_rdadvise, 0, 2.526236, 0.256049
33554432, read_plain, 4, 25.015181, 2.262393
33554432, read_plain, 8, 23.238764, 1.690747
33554432, read_plain, 12, 24.206494, 2.622102
33554432, read_plain, 16, 22.375703, 1.758451
33554432, read_plain, 24, 22.267459, 3.945862
33554432, read_plain, 32, 18.902047, 1.564227
33554432, read_plain, 40, 18.972818, 0.900657
33554432, read_plain, 48, 20.546346, 1.878512
33554432, read_plain, 56, 19.481165, 2.022706
33554432, read_plain, 64, 19.898757, 2.290045
33554432, read_plain, 256, 17.395038, 0.536309
33554432, read_plain, 1024, 18.867164, 1.896514
33554432, read_plain, 4096, 20.229334, 2.074238
33554432, read_plain, 16384, 24.165424, 3.347830
33554432, read_nocache, 4, 289.985619, 14.121967
33554432, read_nocache, 8, 168.319329, 15.537827
33554432, read_nocache, 12, 143.733574, 13.610699
33554432, read_nocache, 16, 124.969208, 19.319540
33554432, read_nocache, 24, 86.076390, 5.714576
33554432, read_nocache, 32, 70.679153, 5.317517
33554432, read_nocache, 40, 86.651832, 29.417930
33554432, read_nocache, 48, 61.082324, 3.398958
33554432, read_nocache, 56, 80.153912, 45.869062
33554432, read_nocache, 64, 61.454793, 4.625320
33554432, read_nocache, 256, 40.084368, 4.815968
33554432, read_nocache, 1024, 28.191606, 1.312923
33554432, read_nocache, 4096, 23.179246, 0.802160
33554432, read_nocache, 16384, 22.477112, 0.479837
33554432, read_rdahead, 4, 28.151965, 3.968968
33554432, read_rdahead, 8, 23.843497, 2.059280
33554432, read_rdahead, 12, 20.699408, 2.495471
33554432, read_rdahead, 16, 22.039383, 1.181078
33554432, read_rdahead, 24, 22.701065, 3.016970
33554432, read_rdahead, 32, 20.388187, 2.019996
33554432, read_rdahead, 40, 21.390386, 1.751045
33554432, read_rdahead, 48, 20.697538, 0.859568
33554432, read_rdahead, 56, 19.449978, 1.797214
33554432, read_rdahead, 64, 19.069536, 2.172120
33554432, read_rdahead, 256, 19.113188, 1.775802
33554432, read_rdahead, 1024, 18.894173, 1.922506
33554432, read_rdahead, 4096, 21.120211, 1.593917
33554432, read_rdahead, 16384, 22.727574, 1.731666
33554432, read_rdadvise, 4, 24.429658, 1.534396
33554432, read_rdadvise, 8, 21.135712, 0.787712
33554432, read_rdadvise, 12, 19.935319, 0.914760
33554432, read_rdadvise, 16, 19.553606, 0.293849
33554432, read_rdadvise, 24, 19.828457, 1.165325
33554432, read_rdadvise, 32, 19.034943, 0.757816
33554432, read_rdadvise, 40, 18.621356, 0.569195
33554432, read_rdadvise, 48, 18.506390, 0.503383
33554432, read_rdadvise, 56, 19.186003, 0.745090
33554432, read_rdadvise, 64, 18.657177, 1.055435
33554432, read_rdadvise, 256, 18.294039, 0.686975
33554432, read_rdadvise, 1024, 18.362227, 0.631998
33554432, read_rdadvise, 4096, 20.317999, 0.433323
33554432, read_rdadvise, 16384, 21.016454, 0.575411
33554432, read_async_nocache, 4, 273.147710, 10.356287
33554432, read_async_nocache, 8, 181.811478, 14.970634
33554432, read_async_nocache, 12, 126.061636, 8.240092
33554432, read_async_nocache, 16, 124.040918, 14.595097
33554432, read_async_nocache, 24, 93.162929, 6.645798
33554432, read_async_nocache, 32, 62.517980, 3.225551
33554432, read_async_nocache, 40, 58.004923, 4.460297
33554432, read_async_nocache, 48, 55.720570, 2.907082
33554432, read_async_nocache, 56, 52.254663, 4.391433
33554432, read_async_nocache, 64, 49.005816, 1.846135
33554432, read_async_nocache, 256, 26.733442, 1.019266
33554432, read_async_nocache, 1024, 24.602021, 0.836365
33554432, read_async_nocache, 4096, 18.733715, 0.608963
33554432, read_async_nocache, 16384, 22.324111, 0.837959
33554432, read_async_rdahead, 4, 23.265029, 1.937458
33554432, read_async_rdahead, 8, 20.333926, 2.052130
33554432, read_async_rdahead, 12, 20.641629, 1.738571
33554432, read_async_rdahead, 16, 18.413763, 1.663247
33554432, read_async_rdahead, 24, 16.629904, 0.279738
33554432, read_async_rdahead, 32, 16.958810, 1.562346
33554432, read_async_rdahead, 40, 17.438743, 1.821429
33554432, read_async_rdahead, 48, 17.659904, 2.015834
33554432, read_async_rdahead, 56, 19.008379, 1.253012
33554432, read_async_rdahead, 64, 17.358791, 1.516197
33554432, read_async_rdahead, 256, 15.702573, 0.615224
33554432, read_async_rdahead, 1024, 15.887969, 1.396670
33554432, read_async_rdahead, 4096, 18.774020, 0.961029
33554432, read_async_rdahead, 16384, 23.052941, 2.500621
33554432, read_async_rdadvise, 4, 23.114866, 2.377627
33554432, read_async_rdadvise, 8, 20.749653, 0.489196
33554432, read_async_rdadvise, 12, 19.357544, 1.918529
33554432, read_async_rdadvise, 16, 17.030886, 1.729780
33554432, read_async_rdadvise, 24, 18.148167, 1.030467
33554432, read_async_rdadvise, 32, 17.557186, 1.491726
33554432, read_async_rdadvise, 40, 17.625839, 1.161021
33554432, read_async_rdadvise, 48, 17.936941, 0.624174
33554432, read_async_rdadvise, 56, 16.847533, 2.053098
33554432, read_async_rdadvise, 64, 17.973592, 2.373665
33554432, read_async_rdadvise, 256, 17.696534, 1.355535
33554432, read_async_rdadvise, 1024, 18.530456, 0.704556
33554432, read_async_rdadvise, 4096, 18.708434, 0.585339
33554432, read_async_rdadvise, 16384, 20.738151, 0.421223
33554432, mmap_plain, 0, 66.639987, 8.230564
33554432, mmap_nocache, 0, 72.921917, 3.358576
33554432, mmap_rdahead, 0, 68.406041, 5.072624
33554432, mmap_rdadvise, 0, 24.572634, 0.542142
4194304, read_plain, 4, 7.894010, 2.586832
4194304, read_plain, 8, 9.027577, 4.856461
4194304, read_plain, 12, 5.709680, 0.993766
4194304, read_plain, 16, 7.757448, 2.376418
4194304, read_plain, 24, 5.758243, 0.998828
4194304, read_plain, 32, 10.114207, 4.921115
4194304, read_plain, 40, 5.147696, 0.907119
4194304, read_plain, 48, 6.797632, 3.119714
4194304, read_plain, 56, 4.872558, 0.935718
4194304, read_plain, 64, 5.707270, 1.476015
4194304, read_plain, 256, 6.264011, 2.471222
4194304, read_plain, 1024, 4.177854, 0.940240
4194304, read_plain, 4096, 4.966321, 1.591696
4194304, read_nocache, 4, 39.912669, 4.849937
4194304, read_nocache, 8, 26.649023, 3.058192
4194304, read_nocache, 12, 19.384583, 1.757277
4194304, read_nocache, 16, 25.929659, 7.995093
4194304, read_nocache, 24, 21.833758, 7.801812
4194304, read_nocache, 32, 14.029215, 2.445440
4194304, read_nocache, 40, 22.032666, 8.611361
4194304, read_nocache, 48, 14.146993, 2.729718
4194304, read_nocache, 56, 15.791461, 5.345475
4194304, read_nocache, 64, 14.850455, 2.368290
4194304, read_nocache, 256, 7.982316, 3.067334
4194304, read_nocache, 1024, 5.671353, 0.680976
4194304, read_nocache, 4096, 5.949913, 2.375328
4194304, read_rdahead, 4, 7.902061, 3.069978
4194304, read_rdahead, 8, 6.941585, 3.172754
4194304, read_rdahead, 12, 6.998079, 2.466998
4194304, read_rdahead, 16, 7.515063, 3.283481
4194304, read_rdahead, 24, 5.370904, 0.972517
4194304, read_rdahead, 32, 6.689479, 1.183857
4194304, read_rdahead, 40, 6.441824, 0.578846
4194304, read_rdahead, 48, 5.874872, 1.220960
4194304, read_rdahead, 56, 5.400593, 0.859909
4194304, read_rdahead, 64, 6.613671, 3.410684
4194304, read_rdahead, 256, 5.106968, 0.791664
4194304, read_rdahead, 1024, 4.629484, 0.569344
4194304, read_rdahead, 4096, 5.348468, 1.982353
4194304, read_rdadvise, 4, 4.376366, 0.783939
4194304, read_rdadvise, 8, 4.638699, 0.936473
4194304, read_rdadvise, 12, 3.601261, 0.563271
4194304, read_rdadvise, 16, 3.676516, 0.738126
4194304, read_rdadvise, 24, 4.016545, 0.409333
4194304, read_rdadvise, 32, 4.023192, 0.607557
4194304, read_rdadvise, 40, 4.174846, 0.655347
4194304, read_rdadvise, 48, 3.876537, 0.648044
4194304, read_rdadvise, 56, 4.337773, 0.816813
4194304, read_rdadvise, 64, 3.745381, 0.883655
4194304, read_rdadvise, 256, 3.251930, 0.897544
4194304, read_rdadvise, 1024, 3.044923, 0.431800
4194304, read_rdadvise, 4096, 4.341497, 1.262069
4194304, read_async_nocache, 4, 39.610416, 4.544539
4194304, read_async_nocache, 8, 25.975762, 2.935686
4194304, read_async_nocache, 12, 21.743486, 1.608970
4194304, read_async_nocache, 16, 16.992658, 1.943617
4194304, read_async_nocache, 24, 15.659382, 2.712695
4194304, read_async_nocache, 32, 12.455033, 2.386276
4194304, read_async_nocache, 40, 10.508935, 2.107645
4194304, read_async_nocache, 48, 12.968952, 0.688875
4194304, read_async_nocache, 56, 10.583378, 1.626776
4194304, read_async_nocache, 64, 9.060589, 0.494237
4194304, read_async_nocache, 256, 5.598048, 0.549872
4194304, read_async_nocache, 1024, 5.615205, 1.036942
4194304, read_async_nocache, 4096, 5.126920, 1.336207
4194304, read_async_rdahead, 4, 7.177973, 0.785041
4194304, read_async_rdahead, 8, 6.693556, 0.844103
4194304, read_async_rdahead, 12, 6.136475, 1.402102
4194304, read_async_rdahead, 16, 5.584859, 0.615435
4194304, read_async_rdahead, 24, 6.164757, 0.778690
4194304, read_async_rdahead, 32, 6.127829, 0.934982
4194304, read_async_rdahead, 40, 5.248949, 0.786906
4194304, read_async_rdahead, 48, 5.716025, 1.085593
4194304, read_async_rdahead, 56, 5.898055, 0.910061
4194304, read_async_rdahead, 64, 6.214944, 1.108475
4194304, read_async_rdahead, 256, 4.995373, 0.796854
4194304, read_async_rdahead, 1024, 5.461690, 0.508981
4194304, read_async_rdahead, 4096, 4.852615, 1.045270
4194304, read_async_rdadvise, 4, 4.668481, 0.742591
4194304, read_async_rdadvise, 8, 3.936391, 0.390171
4194304, read_async_rdadvise, 12, 4.026557, 0.358096
4194304, read_async_rdadvise, 16, 3.991138, 1.008802
4194304, read_async_rdadvise, 24, 4.004672, 0.788721
4194304, read_async_rdadvise, 32, 4.067891, 0.600389
4194304, read_async_rdadvise, 40, 4.445491, 0.629351
4194304, read_async_rdadvise, 48, 3.774568, 0.873630
4194304, read_async_rdadvise, 56, 4.530284, 0.972475
4194304, read_async_rdadvise, 64, 3.992140, 0.598321
4194304, read_async_rdadvise, 256, 3.838915, 0.800698
4194304, read_async_rdadvise, 1024, 3.797611, 0.367936
4194304, read_async_rdadvise, 4096, 4.820416, 0.753445
4194304, mmap_plain, 0, 9.604488, 3.082795
4194304, mmap_nocache, 0, 9.703177, 2.687133
4194304, mmap_rdahead, 0, 9.849578, 1.031968
4194304, mmap_rdadvise, 0, 3.974304, 0.356464
67108864, read_plain, 4, 50.603264, 5.606425
67108864, read_plain, 8, 42.753931, 2.266941
67108864, read_plain, 12, 39.965117, 1.456606
67108864, read_plain, 16, 37.597710, 0.619773
67108864, read_plain, 24, 37.102957, 2.670220
67108864, read_plain, 32, 35.614302, 1.413346
67108864, read_plain, 40, 35.366506, 0.624075
67108864, read_plain, 48, 36.038478, 1.530186
67108864, read_plain, 56, 36.777790, 2.034462
67108864, read_plain, 64, 36.537058, 2.803899
67108864, read_plain, 256, 33.360191, 1.960830
67108864, read_plain, 1024, 34.416282, 0.927846
67108864, read_plain, 4096, 37.376223, 1.054960
67108864, read_plain, 16384, 40.685095, 1.310974
67108864, read_plain, 65536, 46.138511, 5.942900
67108864, read_nocache, 4, 570.404601, 11.565954
67108864, read_nocache, 8, 357.509846, 29.140307
67108864, read_nocache, 12, 278.278459, 34.356202
67108864, read_nocache, 16, 270.789326, 31.056833
67108864, read_nocache, 24, 225.483104, 58.999643
67108864, read_nocache, 32, 153.771045, 15.034339
67108864, read_nocache, 40, 131.027902, 7.521716
67108864, read_nocache, 48, 133.128873, 14.374028
67108864, read_nocache, 56, 123.765858, 9.473882
67108864, read_nocache, 64, 175.187229, 63.072620
67108864, read_nocache, 256, 90.043735, 32.815536
67108864, read_nocache, 1024, 55.966972, 2.187007
67108864, read_nocache, 4096, 47.808485, 3.999178
67108864, read_nocache, 16384, 42.139100, 1.149251
67108864, read_nocache, 65536, 50.930045, 3.522803
67108864, read_rdahead, 4, 49.341259, 1.257650
67108864, read_rdahead, 8, 43.439236, 2.190360
67108864, read_rdahead, 12, 39.695247, 2.593116
67108864, read_rdahead, 16, 39.588302, 0.721568
67108864, read_rdahead, 24, 37.044122, 1.819090
67108864, read_rdahead, 32, 34.542706, 0.706050
67108864, read_rdahead, 40, 35.289668, 1.135004
67108864, read_rdahead, 48, 36.282690, 1.652512
67108864, read_rdahead, 56, 35.028896, 2.053097
67108864, read_rdahead, 64, 34.027093, 0.620930
67108864, read_rdahead, 256, 33.900969, 1.241066
67108864, read_rdahead, 1024, 34.353599, 1.594668
67108864, read_rdahead, 4096, 36.232321, 1.333583
67108864, read_rdahead, 16384, 39.575303, 1.921175
67108864, read_rdahead, 65536, 46.252288, 4.594757
67108864, read_rdadvise, 4, 52.628213, 0.774165
67108864, read_rdadvise, 8, 46.760014, 1.027526
67108864, read_rdadvise, 12, 43.599265, 0.542423
67108864, read_rdadvise, 16, 42.468011, 0.811005
67108864, read_rdadvise, 24, 41.802632, 0.424171
67108864, read_rdadvise, 32, 40.999016, 0.538554
67108864, read_rdadvise, 40, 40.753597, 1.136726
67108864, read_rdadvise, 48, 40.450156, 0.726181
67108864, read_rdadvise, 56, 40.064367, 0.539443
67108864, read_rdadvise, 64, 40.534627, 0.997260
67108864, read_rdadvise, 256, 39.711859, 0.469956
67108864, read_rdadvise, 1024, 40.358432, 1.486398
67108864, read_rdadvise, 4096, 42.408001, 1.839364
67108864, read_rdadvise, 16384, 44.281439, 1.176805
67108864, read_rdadvise, 65536, 48.160632, 0.547866
67108864, read_async_nocache, 4, 538.033964, 11.263189
67108864, read_async_nocache, 8, 361.539881, 27.516632
67108864, read_async_nocache, 12, 269.540674, 22.541064
67108864, read_async_nocache, 16, 233.214094, 12.184888
67108864, read_async_nocache, 24, 179.644682, 7.313646
67108864, read_async_nocache, 32, 134.782937, 3.509917
67108864, read_async_nocache, 40, 115.791483, 4.678601
67108864, read_async_nocache, 48, 113.785551, 6.710818
67108864, read_async_nocache, 56, 99.531534, 6.513110
67108864, read_async_nocache, 64, 109.658981, 13.062942
67108864, read_async_nocache, 256, 49.270680, 5.314838
67108864, read_async_nocache, 1024, 44.982584, 4.981954
67108864, read_async_nocache, 4096, 35.711634, 1.395480
67108864, read_async_nocache, 16384, 35.652161, 0.645246
67108864, read_async_nocache, 65536, 52.068829, 4.130483
67108864, read_async_rdahead, 4, 41.184253, 2.070029
67108864, read_async_rdahead, 8, 34.939523, 1.928439
67108864, read_async_rdahead, 12, 33.129678, 1.450238
67108864, read_async_rdahead, 16, 35.526315, 3.155063
67108864, read_async_rdahead, 24, 32.758290, 3.537019
67108864, read_async_rdahead, 32, 30.676541, 1.747491
67108864, read_async_rdahead, 40, 31.286289, 2.331398
67108864, read_async_rdahead, 48, 28.885345, 0.476134
67108864, read_async_rdahead, 56, 30.172834, 1.904781
67108864, read_async_rdahead, 64, 30.630949, 2.517106
67108864, read_async_rdahead, 256, 30.214212, 1.457405
67108864, read_async_rdahead, 1024, 28.601232, 0.940558
67108864, read_async_rdahead, 4096, 31.902381, 0.969855
67108864, read_async_rdahead, 16384, 35.651191, 2.444213
67108864, read_async_rdahead, 65536, 46.795029, 5.259557
67108864, read_async_rdadvise, 4, 46.887138, 3.049701
67108864, read_async_rdadvise, 8, 40.682184, 1.293561
67108864, read_async_rdadvise, 12, 38.407493, 1.264324
67108864, read_async_rdadvise, 16, 39.149690, 0.646355
67108864, read_async_rdadvise, 24, 35.563580, 1.977751
67108864, read_async_rdadvise, 32, 37.086389, 0.526238
67108864, read_async_rdadvise, 40, 36.489504, 1.992835
67108864, read_async_rdadvise, 48, 36.076648, 1.961645
67108864, read_async_rdadvise, 56, 35.443167, 1.978564
67108864, read_async_rdadvise, 64, 36.460350, 1.177804
67108864, read_async_rdadvise, 256, 37.394656, 0.610099
67108864, read_async_rdadvise, 1024, 36.027079, 1.796797
67108864, read_async_rdadvise, 4096, 38.082201, 0.790165
67108864, read_async_rdadvise, 16384, 40.548554, 0.475254
67108864, read_async_rdadvise, 65536, 48.962765, 1.385459
67108864, mmap_plain, 0, 136.820631, 8.293272
67108864, mmap_nocache, 0, 137.377453, 5.594505
67108864, mmap_rdahead, 0, 139.967993, 6.574502
67108864, mmap_rdadvise, 0, 52.453927, 1.041057
83886080, read_plain, 4, 63.000520, 2.489389
83886080, read_plain, 8, 50.386974, 0.655867
83886080, read_plain, 12, 50.772655, 2.268725
83886080, read_plain, 16, 49.271911, 2.523539
83886080, read_plain, 24, 47.090999, 2.415097
83886080, read_plain, 32, 46.438245, 2.364645
83886080, read_plain, 40, 45.280298, 1.321805
83886080, read_plain, 48, 45.107982, 1.746852
83886080, read_plain, 56, 45.875628, 2.189610
83886080, read_plain, 64, 43.857008, 1.247161
83886080, read_plain, 256, 42.066536, 1.009132
83886080, read_plain, 1024, 41.778570, 0.663311
83886080, read_plain, 4096, 47.277824, 1.235262
83886080, read_plain, 16384, 49.193954, 1.208260
83886080, read_plain, 65536, 59.304478, 8.688508
83886080, read_nocache, 4, 703.768203, 10.705642
83886080, read_nocache, 8, 406.848320, 41.638179
83886080, read_nocache, 12, 327.024042, 34.396217
83886080, read_nocache, 16, 289.147537, 36.292050
83886080, read_nocache, 24, 229.504428, 39.303830
83886080, read_nocache, 32, 184.200197, 32.714523
83886080, read_nocache, 40, 199.256548, 79.268281
83886080, read_nocache, 48, 147.178019, 8.396027
83886080, read_nocache, 56, 144.759826, 9.676010
83886080, read_nocache, 64, 130.571033, 7.440197
83886080, read_nocache, 256, 108.697086, 22.363194
83886080, read_nocache, 1024, 70.782004, 1.868188
83886080, read_nocache, 4096, 54.348085, 1.317017
83886080, read_nocache, 16384, 51.298641, 1.115233
83886080, read_nocache, 65536, 62.579141, 3.238322
83886080, read_rdahead, 4, 58.937264, 1.271868
83886080, read_rdahead, 8, 54.646746, 1.738346
83886080, read_rdahead, 12, 51.149754, 2.087588
83886080, read_rdahead, 16, 49.320953, 2.448760
83886080, read_rdahead, 24, 47.468373, 1.677992
83886080, read_rdahead, 32, 45.142878, 1.677807
83886080, read_rdahead, 40, 44.579446, 2.173685
83886080, read_rdahead, 48, 43.517056, 1.127193
83886080, read_rdahead, 56, 43.621346, 1.102666
83886080, read_rdahead, 64, 43.792495, 1.475264
83886080, read_rdahead, 256, 41.805761, 1.550739
83886080, read_rdahead, 1024, 42.711382, 1.652454
83886080, read_rdahead, 4096, 44.981852, 0.707407
83886080, read_rdahead, 16384, 48.963134, 1.090917
83886080, read_rdahead, 65536, 56.732431, 5.931515
83886080, read_rdadvise, 4, 64.533197, 1.873889
83886080, read_rdadvise, 8, 56.260326, 0.918859
83886080, read_rdadvise, 12, 55.401516, 1.434982
83886080, read_rdadvise, 16, 52.452869, 0.632870
83886080, read_rdadvise, 24, 51.137343, 0.794450
83886080, read_rdadvise, 32, 50.389290, 0.562958
83886080, read_rdadvise, 40, 51.028203, 0.883806
83886080, read_rdadvise, 48, 50.348708, 1.390226
83886080, read_rdadvise, 56, 49.632187, 0.548991
83886080, read_rdadvise, 64, 50.516395, 1.474914
83886080, read_rdadvise, 256, 49.548109, 1.024845
83886080, read_rdadvise, 1024, 49.084507, 0.818865
83886080, read_rdadvise, 4096, 52.153342, 2.219955
83886080, read_rdadvise, 16384, 53.563032, 0.596322
83886080, read_rdadvise, 65536, 58.211916, 0.294106
83886080, read_async_nocache, 4, 663.553152, 4.085568
83886080, read_async_nocache, 8, 418.780724, 21.837881
83886080, read_async_nocache, 12, 315.951157, 37.747648
83886080, read_async_nocache, 16, 284.144035, 9.149950
83886080, read_async_nocache, 24, 208.072267, 24.786803
83886080, read_async_nocache, 32, 149.012234, 6.006413
83886080, read_async_nocache, 40, 133.197777, 4.911939
83886080, read_async_nocache, 48, 125.799444, 4.903097
83886080, read_async_nocache, 56, 114.917892, 2.214453
83886080, read_async_nocache, 64, 114.115085, 6.158601
83886080, read_async_nocache, 256, 62.574393, 2.739550
83886080, read_async_nocache, 1024, 56.355953, 3.429283
83886080, read_async_nocache, 4096, 44.073606, 0.866438
83886080, read_async_nocache, 16384, 43.385900, 1.498868
83886080, read_async_nocache, 65536, 56.101890, 3.117012
83886080, read_async_rdahead, 4, 51.014635, 1.751322
83886080, read_async_rdahead, 8, 43.589541, 0.866416
83886080, read_async_rdahead, 12, 40.964511, 2.011506
83886080, read_async_rdahead, 16, 39.784180, 1.237111
83886080, read_async_rdahead, 24, 38.078936, 2.138988
83886080, read_async_rdahead, 32, 37.877295, 2.702960
83886080, read_async_rdahead, 40, 36.739624, 2.261697
83886080, read_async_rdahead, 48, 37.916435, 1.973358
83886080, read_async_rdahead, 56, 37.296702, 1.764732
83886080, read_async_rdahead, 64, 35.654419, 1.414117
83886080, read_async_rdahead, 256, 35.339364, 1.363989
83886080, read_async_rdahead, 1024, 35.457940, 1.840448
83886080, read_async_rdahead, 4096, 39.275879, 1.248568
83886080, read_async_rdahead, 16384, 42.655070, 2.271825
83886080, read_async_rdahead, 65536, 53.716071, 5.007816
83886080, read_async_rdadvise, 4, 58.358501, 2.232403
83886080, read_async_rdadvise, 8, 49.674469, 1.280076
83886080, read_async_rdadvise, 12, 47.079375, 2.647421
83886080, read_async_rdadvise, 16, 44.453835, 2.546234
83886080, read_async_rdadvise, 24, 44.572556, 1.610399
83886080, read_async_rdadvise, 32, 44.233009, 1.899708
83886080, read_async_rdadvise, 40, 42.269153, 1.984773
83886080, read_async_rdadvise, 48, 42.928783, 1.800633
83886080, read_async_rdadvise, 56, 43.374020, 1.990900
83886080, read_async_rdadvise, 64, 43.230328, 1.277733
83886080, read_async_rdadvise, 256, 44.097307, 2.503982
83886080, read_async_rdadvise, 1024, 56.446398, 29.997028
83886080, read_async_rdadvise, 4096, 45.225891, 1.716172
83886080, read_async_rdadvise, 16384, 60.955070, 27.653317
83886080, read_async_rdadvise, 65536, 73.521798, 28.168149
83886080, mmap_plain, 0, 171.402847, 13.158185
83886080, mmap_nocache, 0, 170.273641, 7.367453
83886080, mmap_rdahead, 0, 168.474588, 7.075077
83886080, mmap_rdadvise, 0, 65.596179, 1.643020
8388608, read_plain, 4, 9.348892, 1.507710
8388608, read_plain, 8, 9.051690, 1.512334
8388608, read_plain, 12, 7.584169, 0.671291
8388608, read_plain, 16, 7.506908, 0.794400
8388608, read_plain, 24, 7.865198, 1.176232
8388608, read_plain, 32, 7.503716, 0.819000
8388608, read_plain, 40, 7.659005, 1.274119
8388608, read_plain, 48, 7.614086, 1.145729
8388608, read_plain, 56, 6.301531, 0.371874
8388608, read_plain, 64, 6.870369, 0.573244
8388608, read_plain, 256, 6.591985, 0.989976
8388608, read_plain, 1024, 6.695467, 1.083797
8388608, read_plain, 4096, 7.474452, 0.399534
8388608, read_nocache, 4, 77.845907, 5.523148
8388608, read_nocache, 8, 46.823656, 5.486145
8388608, read_nocache, 12, 38.605185, 7.478776
8388608, read_nocache, 16, 30.665577, 2.855562
8388608, read_nocache, 24, 26.513176, 2.426811
8388608, read_nocache, 32, 26.061423, 12.339343
8388608, read_nocache, 40, 24.370820, 12.851992
8388608, read_nocache, 48, 16.093170, 1.752254
8388608, read_nocache, 56, 19.683391, 3.588900
8388608, read_nocache, 64, 15.495215, 1.905555
8388608, read_nocache, 256, 11.144252, 1.421787
8388608, read_nocache, 1024, 8.312941, 0.759732
8388608, read_nocache, 4096, 7.304720, 0.268517
8388608, read_rdahead, 4, 8.681974, 0.996773
8388608, read_rdahead, 8, 8.677471, 1.943038
8388608, read_rdahead, 12, 8.288789, 1.417570
8388608, read_rdahead, 16, 6.954592, 0.616336
8388608, read_rdahead, 24, 6.705617, 0.457481
8388608, read_rdahead, 32, 6.756445, 0.562798
8388608, read_rdahead, 40, 7.266203, 1.287938
8388608, read_rdahead, 48, 7.618359, 1.095746
8388608, read_rdahead, 56, 7.924663, 0.814105
8388608, read_rdahead, 64, 6.754577, 0.602959
8388608, read_rdahead, 256, 6.448388, 0.506533
8388608, read_rdahead, 1024, 6.255638, 0.706462
8388608, read_rdahead, 4096, 6.831120, 0.513255
8388608, read_rdadvise, 4, 7.495949, 1.178104
8388608, read_rdadvise, 8, 6.969831, 0.796764
8388608, read_rdadvise, 12, 6.692940, 1.396448
8388608, read_rdadvise, 16, 5.176365, 0.720871
8388608, read_rdadvise, 24, 5.904853, 1.244140
8388608, read_rdadvise, 32, 5.645151, 1.051064
8388608, read_rdadvise, 40, 5.948041, 0.791746
8388608, read_rdadvise, 48, 6.109403, 0.850640
8388608, read_rdadvise, 56, 6.169515, 1.042506
8388608, read_rdadvise, 64, 5.358041, 0.942990
8388608, read_rdadvise, 256, 5.082780, 0.708705
8388608, read_rdadvise, 1024, 5.574858, 1.096426
8388608, read_rdadvise, 4096, 5.553461, 0.214438
8388608, read_async_nocache, 4, 75.224960, 4.483044
8388608, read_async_nocache, 8, 50.153795, 7.217635
8388608, read_async_nocache, 12, 38.906827, 6.778138
8388608, read_async_nocache, 16, 31.931189, 0.515889
8388608, read_async_nocache, 24, 24.875061, 2.101574
8388608, read_async_nocache, 32, 19.027094, 2.033382
8388608, read_async_nocache, 40, 17.809618, 0.935888
8388608, read_async_nocache, 48, 17.768765, 1.517445
8388608, read_async_nocache, 56, 16.885412, 0.873146
8388608, read_async_nocache, 64, 14.111213, 1.258535
8388608, read_async_nocache, 256, 8.614038, 1.659916
8388608, read_async_nocache, 1024, 8.829705, 0.355837
8388608, read_async_nocache, 4096, 7.915542, 0.855055
8388608, read_async_rdahead, 4, 8.785428, 1.168557
8388608, read_async_rdahead, 8, 8.946328, 1.148054
8388608, read_async_rdahead, 12, 7.971727, 0.943885
8388608, read_async_rdahead, 16, 8.444532, 0.974308
8388608, read_async_rdahead, 24, 7.112533, 0.737627
8388608, read_async_rdahead, 32, 7.299691, 1.428874
8388608, read_async_rdahead, 40, 7.837073, 1.008141
8388608, read_async_rdahead, 48, 6.948431, 0.679411
8388608, read_async_rdahead, 56, 8.035019, 1.290502
8388608, read_async_rdahead, 64, 7.737279, 1.186132
8388608, read_async_rdahead, 256, 6.850678, 0.766016
8388608, read_async_rdahead, 1024, 6.358489, 0.725296
8388608, read_async_rdahead, 4096, 6.996979, 0.590996
8388608, read_async_rdadvise, 4, 7.901277, 1.403962
8388608, read_async_rdadvise, 8, 6.946183, 0.712305
8388608, read_async_rdadvise, 12, 6.450594, 0.831824
8388608, read_async_rdadvise, 16, 7.522617, 0.643746
8388608, read_async_rdadvise, 24, 6.139949, 1.032605
8388608, read_async_rdadvise, 32, 5.881405, 1.014226
8388608, read_async_rdadvise, 40, 6.477296, 1.448035
8388608, read_async_rdadvise, 48, 6.555645, 0.717259
8388608, read_async_rdadvise, 56, 6.005593, 0.268209
8388608, read_async_rdadvise, 64, 6.765650, 0.758096
8388608, read_async_rdadvise, 256, 6.120167, 0.438735
8388608, read_async_rdadvise, 1024, 5.509449, 0.655859
8388608, read_async_rdadvise, 4096, 6.130693, 0.657350
8388608, mmap_plain, 0, 18.280409, 3.810699
8388608, mmap_nocache, 0, 17.356878, 2.052477
8388608, mmap_rdahead, 0, 18.485871, 1.741754
8388608, mmap_rdadvise, 0, 7.120165, 0.765582
100663296, read_plain, 4, 71.709015, 3.036167
100663296, read_plain, 8, 73.452613, 23.132470
100663296, read_plain, 12, 60.471622, 3.020014
100663296, read_plain, 16, 58.741431, 0.731575
100663296, read_plain, 24, 63.120245, 13.142933
100663296, read_plain, 32, 54.783868, 2.977522
100663296, read_plain, 40, 54.799750, 1.768259
100663296, read_plain, 48, 54.225991, 2.584991
100663296, read_plain, 56, 53.109957, 2.318985
100663296, read_plain, 64, 51.774578, 1.560241
100663296, read_plain, 256, 49.993200, 2.046924
100663296, read_plain, 1024, 50.746216, 2.232290
100663296, read_plain, 4096, 54.303258, 0.477416
100663296, read_plain, 16384, 60.084006, 2.750207
100663296, read_plain, 65536, 65.145312, 5.451505
100663296, read_nocache, 4, 844.468763, 15.022035
100663296, read_nocache, 8, 491.536477, 33.976433
100663296, read_nocache, 12, 361.964811, 39.883338
100663296, read_nocache, 16, 319.665787, 38.123686
100663296, read_nocache, 24, 268.276011, 55.363665
100663296, read_nocache, 32, 215.789788, 30.961671
100663296, read_nocache, 40, 225.928733, 81.899784
100663296, read_nocache, 48, 178.544260, 6.236551
100663296, read_nocache, 56, 171.625930, 9.195199
100663296, read_nocache, 64, 243.639613, 102.056436
100663296, read_nocache, 256, 113.955872, 5.429492
100663296, read_nocache, 1024, 76.930127, 1.753059
100663296, read_nocache, 4096, 62.666348, 0.641377
100663296, read_nocache, 16384, 61.259687, 0.964336
100663296, read_nocache, 65536, 69.397746, 2.479775
100663296, read_rdahead, 4, 70.306049, 1.806834
100663296, read_rdahead, 8, 61.010848, 1.495375
100663296, read_rdahead, 12, 59.636363, 1.357485
100663296, read_rdahead, 16, 56.764952, 3.108661
100663296, read_rdahead, 24, 55.903082, 1.262457
100663296, read_rdahead, 32, 54.204702, 2.462759
100663296, read_rdahead, 40, 53.511577, 0.902227
100663296, read_rdahead, 48, 53.584504, 1.239175
100663296, read_rdahead, 56, 54.201176, 1.447155
100663296, read_rdahead, 64, 50.952656, 1.232208
100663296, read_rdahead, 256, 57.683610, 13.454081
100663296, read_rdahead, 1024, 49.173370, 0.879395
100663296, read_rdahead, 4096, 55.716758, 2.034297
100663296, read_rdahead, 16384, 60.159034, 2.777502
100663296, read_rdahead, 65536, 66.308735, 6.149232
100663296, read_rdadvise, 4, 85.272400, 11.358539
100663296, read_rdadvise, 8, 73.456554, 1.322002
100663296, read_rdadvise, 12, 68.415113, 1.447063
100663296, read_rdadvise, 16, 67.635093, 3.003962
100663296, read_rdadvise, 24, 65.013962, 1.035785
100663296, read_rdadvise, 32, 63.780879, 1.097006
100663296, read_rdadvise, 40, 63.585244, 1.723681
100663296, read_rdadvise, 48, 64.242832, 1.596556
100663296, read_rdadvise, 56, 63.042272, 1.004870
100663296, read_rdadvise, 64, 62.882181, 1.069111
100663296, read_rdadvise, 256, 62.855314, 0.718520
100663296, read_rdadvise, 1024, 62.136814, 1.220278
100663296, read_rdadvise, 4096, 65.039577, 1.530521
100663296, read_rdadvise, 16384, 68.310248, 1.366568
100663296, read_rdadvise, 65536, 72.021795, 2.498312
100663296, read_async_nocache, 4, 795.293589, 6.644278
100663296, read_async_nocache, 8, 489.888781, 33.848016
100663296, read_async_nocache, 12, 397.621797, 18.765566
100663296, read_async_nocache, 16, 328.262159, 19.689488
100663296, read_async_nocache, 24, 244.201752, 31.814705
100663296, read_async_nocache, 32, 182.027819, 5.293671
100663296, read_async_nocache, 40, 162.115539, 4.809906
100663296, read_async_nocache, 48, 148.506211, 4.008585
100663296, read_async_nocache, 56, 146.946407, 5.458977
100663296, read_async_nocache, 64, 140.129366, 3.343815
100663296, read_async_nocache, 256, 69.975016, 3.482554
100663296, read_async_nocache, 1024, 61.617563, 1.266104
100663296, read_async_nocache, 4096, 51.262823, 0.942522
100663296, read_async_nocache, 16384, 50.021528, 1.375565
100663296, read_async_nocache, 65536, 67.290986, 4.064250
100663296, read_async_rdahead, 4, 62.072416, 4.825070
100663296, read_async_rdahead, 8, 50.736782, 1.863315
100663296, read_async_rdahead, 12, 52.043400, 6.054849
100663296, read_async_rdahead, 16, 48.823447, 1.848646
100663296, read_async_rdahead, 24, 46.218915, 1.493659
100663296, read_async_rdahead, 32, 44.827966, 1.285798
100663296, read_async_rdahead, 40, 45.971612, 1.540942
100663296, read_async_rdahead, 48, 51.004167, 2.879706
100663296, read_async_rdahead, 56, 47.325617, 1.151389
100663296, read_async_rdahead, 64, 46.977930, 0.667672
100663296, read_async_rdahead, 256, 46.541940, 1.647532
100663296, read_async_rdahead, 1024, 45.140760, 0.708348
100663296, read_async_rdahead, 4096, 48.129495, 1.662543
100663296, read_async_rdahead, 16384, 53.725016, 1.522155
100663296, read_async_rdahead, 65536, 64.303038, 6.682325
100663296, read_async_rdadvise, 4, 76.641214, 1.117291
100663296, read_async_rdadvise, 8, 64.365973, 1.133314
100663296, read_async_rdadvise, 12, 62.789823, 2.180463
100663296, read_async_rdadvise, 16, 60.477547, 1.728095
100663296, read_async_rdadvise, 24, 60.536179, 1.087770
100663296, read_async_rdadvise, 32, 57.188052, 1.280046
100663296, read_async_rdadvise, 40, 59.558046, 0.622170
100663296, read_async_rdadvise, 48, 58.628268, 1.906816
100663296, read_async_rdadvise, 56, 71.434224, 26.733626
100663296, read_async_rdadvise, 64, 56.147205, 2.087312
100663296, read_async_rdadvise, 256, 57.205315, 2.126251
100663296, read_async_rdadvise, 1024, 58.953692, 4.063820
100663296, read_async_rdadvise, 4096, 59.507379, 1.556494
100663296, read_async_rdadvise, 16384, 63.843409, 1.858951
100663296, read_async_rdadvise, 65536, 74.935928, 1.865627
100663296, mmap_plain, 0, 203.214893, 1.706260
100663296, mmap_nocache, 0, 204.989363, 7.700045
100663296, mmap_rdahead, 0, 200.868657, 6.169068
100663296, mmap_rdadvise, 0, 86.066294, 1.747313
