117440512, read_plain, 4, 47.567225, 2.067138
117440512, read_plain, 8, 38.458118, 0.841731
117440512, read_plain, 12, 34.430194, 1.282966
117440512, read_plain, 16, 32.926777, 1.347532
117440512, read_plain, 24, 32.079500, 1.284665
117440512, read_plain, 32, 31.514859, 1.340095
117440512, read_plain, 40, 29.806501, 1.426983
117440512, read_plain, 48, 30.397775, 0.619702
117440512, read_plain, 56, 30.444352, 0.950452
117440512, read_plain, 64, 31.070752, 0.683139
117440512, read_plain, 256, 30.716918, 0.593549
117440512, read_plain, 1024, 31.020567, 1.516700
117440512, read_plain, 4096, 34.603616, 2.201469
117440512, read_plain, 16384, 41.419319, 2.062401
117440512, read_plain, 65536, 48.218450, 6.574263
117440512, read_nocache, 4, 51.319879, 1.248338
117440512, read_nocache, 8, 39.386162, 0.766685
117440512, read_nocache, 12, 35.621531, 0.886250
117440512, read_nocache, 16, 34.648815, 1.212239
117440512, read_nocache, 24, 32.053811, 0.670176
117440512, read_nocache, 32, 31.526445, 0.747325
117440512, read_nocache, 40, 30.928347, 0.968358
117440512, read_nocache, 48, 30.967189, 0.505860
117440512, read_nocache, 56, 32.084789, 1.675516
117440512, read_nocache, 64, 31.351228, 0.382247
117440512, read_nocache, 256, 30.057358, 1.176847
117440512, read_nocache, 1024, 29.466556, 0.972154
117440512, read_nocache, 4096, 33.134823, 1.436671
117440512, read_nocache, 16384, 38.891920, 0.938362
117440512, read_nocache, 65536, 40.878636, 1.348279
117440512, read_rdahead, 4, 49.543789, 1.207907
117440512, read_rdahead, 8, 39.504436, 1.249902
117440512, read_rdahead, 12, 35.612459, 0.757798
117440512, read_rdahead, 16, 34.131427, 0.792563
117440512, read_rdahead, 24, 32.203127, 0.998484
117440512, read_rdahead, 32, 31.168893, 1.412885
117440512, read_rdahead, 40, 31.229756, 1.042986
117440512, read_rdahead, 48, 31.178485, 0.531956
117440512, read_rdahead, 56, 31.246947, 1.247246
117440512, read_rdahead, 64, 30.114800, 0.932698
117440512, read_rdahead, 256, 29.957409, 1.018207
117440512, read_rdahead, 1024, 30.109938, 0.854778
117440512, read_rdahead, 4096, 32.823753, 1.192520
117440512, read_rdahead, 16384, 39.442763, 0.709816
117440512, read_rdahead, 65536, 44.444019, 1.344928
117440512, read_rdadvise, 4, 50.340170, 1.865472
117440512, read_rdadvise, 8, 39.693057, 0.825334
117440512, read_rdadvise, 12, 36.256770, 0.865443
117440512, read_rdadvise, 16, 34.328944, 1.015075
117440512, read_rdadvise, 24, 33.265178, 0.750315
117440512, read_rdadvise, 32, 32.510910, 1.485524
117440512, read_rdadvise, 40, 32.562157, 0.947419
117440512, read_rdadvise, 48, 31.400536, 1.017971
117440512, read_rdadvise, 56, 31.890842, 1.298645
117440512, read_rdadvise, 64, 31.607961, 0.893423
117440512, read_rdadvise, 256, 31.898404, 0.764003
117440512, read_rdadvise, 1024, 31.468792, 1.344073
117440512, read_rdadvise, 4096, 34.709145, 1.444886
117440512, read_rdadvise, 16384, 43.330401, 2.470115
117440512, read_rdadvise, 65536, 46.214789, 1.808960
117440512, read_async_nocache, 4, 35.994855, 1.554053
117440512, read_async_nocache, 8, 24.976727, 0.577478
117440512, read_async_nocache, 12, 21.350515, 0.722108
117440512, read_async_nocache, 16, 19.891943, 0.534950
117440512, read_async_nocache, 24, 19.468087, 0.359984
117440512, read_async_nocache, 32, 18.907728, 0.536236
117440512, read_async_nocache, 40, 18.830220, 0.849124
117440512, read_async_nocache, 48, 18.769492, 0.429727
117440512, read_async_nocache, 56, 18.833255, 0.385720
117440512, read_async_nocache, 64, 19.014651, 0.461253
117440512, read_async_nocache, 256, 19.125950, 0.717915
117440512, read_async_nocache, 1024, 19.794730, 0.944091
117440512, read_async_nocache, 4096, 24.282049, 1.717716
117440512, read_async_nocache, 16384, 29.908763, 2.934601
117440512, read_async_nocache, 65536, 43.346915, 4.260609
117440512, read_async_rdahead, 4, 35.268087, 1.773040
117440512, read_async_rdahead, 8, 23.952490, 0.585425
117440512, read_async_rdahead, 12, 20.497186, 0.719114
117440512, read_async_rdahead, 16, 19.634647, 0.711714
117440512, read_async_rdahead, 24, 19.308485, 0.809626
117440512, read_async_rdahead, 32, 19.200532, 0.315603
117440512, read_async_rdahead, 40, 18.584595, 0.710997
117440512, read_async_rdahead, 48, 18.817906, 0.345302
117440512, read_async_rdahead, 56, 18.929271, 0.607032
117440512, read_async_rdahead, 64, 19.388158, 0.462551
117440512, read_async_rdahead, 256, 18.987146, 0.702938
117440512, read_async_rdahead, 1024, 19.542820, 0.767904
117440512, read_async_rdahead, 4096, 23.773488, 0.730008
117440512, read_async_rdahead, 16384, 30.070863, 1.143854
117440512, read_async_rdahead, 65536, 42.905108, 2.406177
117440512, read_async_rdadvise, 4, 35.717773, 1.894966
117440512, read_async_rdadvise, 8, 24.560923, 1.013011
117440512, read_async_rdadvise, 12, 21.895033, 0.859652
117440512, read_async_rdadvise, 16, 20.951264, 0.679887
117440512, read_async_rdadvise, 24, 19.975306, 0.635090
117440512, read_async_rdadvise, 32, 20.805154, 0.626590
117440512, read_async_rdadvise, 40, 20.867999, 1.072565
117440512, read_async_rdadvise, 48, 20.794311, 0.877554
117440512, read_async_rdadvise, 56, 20.592345, 0.532035
117440512, read_async_rdadvise, 64, 20.658444, 0.666769
117440512, read_async_rdadvise, 256, 20.689279, 0.519458
117440512, read_async_rdadvise, 1024, 21.227116, 0.500804
117440512, read_async_rdadvise, 4096, 25.143963, 0.350919
117440512, read_async_rdadvise, 16384, 30.399254, 0.786914
117440512, read_async_rdadvise, 65536, 43.102038, 0.881371
117440512, mmap_plain, 0, 51.592928, 2.107495
117440512, mmap_nocache, 0, 50.882120, 0.856857
117440512, mmap_rdahead, 0, 50.372971, 0.587514
117440512, mmap_rdadvise, 0, 51.946774, 0.831143
16777216, read_plain, 4, 7.914040, 0.384927
16777216, read_plain, 8, 5.836770, 0.245983
16777216, read_plain, 12, 5.581863, 0.179868
16777216, read_plain, 16, 5.220388, 0.156709
16777216, read_plain, 24, 4.896161, 0.259157
16777216, read_plain, 32, 5.168789, 0.111525
16777216, read_plain, 40, 4.893944, 0.250471
16777216, read_plain, 48, 5.111278, 0.162448
16777216, read_plain, 56, 4.869675, 0.285606
16777216, read_plain, 64, 5.127892, 0.127736
16777216, read_plain, 256, 4.645413, 0.169002
16777216, read_plain, 1024, 5.107929, 0.122080
16777216, read_plain, 4096, 5.434611, 0.553063
16777216, read_plain, 16384, 8.356986, 1.929917
16777216, read_nocache, 4, 8.217007, 0.138774
16777216, read_nocache, 8, 6.039885, 0.163620
16777216, read_nocache, 12, 5.513217, 0.159332
16777216, read_nocache, 16, 5.102504, 0.242203
16777216, read_nocache, 24, 5.270405, 0.166102
16777216, read_nocache, 32, 4.933864, 0.269728
16777216, read_nocache, 40, 5.104056, 0.191225
16777216, read_nocache, 48, 4.814452, 0.238418
16777216, read_nocache, 56, 5.070543, 0.120797
16777216, read_nocache, 64, 5.163185, 0.536142
16777216, read_nocache, 256, 5.064303, 0.774822
16777216, read_nocache, 1024, 4.801156, 0.323150
16777216, read_nocache, 4096, 5.802633, 0.475134
16777216, read_nocache, 16384, 7.278799, 0.327639
16777216, read_rdahead, 4, 7.759585, 0.213404
16777216, read_rdahead, 8, 6.241408, 0.873997
16777216, read_rdahead, 12, 5.358888, 0.206381
16777216, read_rdahead, 16, 5.271027, 0.217666
16777216, read_rdahead, 24, 4.928547, 0.449320
16777216, read_rdahead, 32, 5.012119, 0.294337
16777216, read_rdahead, 40, 4.653213, 0.289006
16777216, read_rdahead, 48, 4.877648, 0.188666
16777216, read_rdahead, 56, 4.776649, 0.272167
16777216, read_rdahead, 64, 4.552034, 0.262962
16777216, read_rdahead, 256, 4.755888, 0.233921
16777216, read_rdahead, 1024, 4.808519, 0.274037
16777216, read_rdahead, 4096, 5.592481, 0.134792
16777216, read_rdahead, 16384, 7.323301, 0.202279
16777216, read_rdadvise, 4, 8.005402, 0.323045
16777216, read_rdadvise, 8, 6.037782, 0.348681
16777216, read_rdadvise, 12, 5.525952, 0.362419
16777216, read_rdadvise, 16, 5.183109, 0.297786
16777216, read_rdadvise, 24, 5.270486, 0.185872
16777216, read_rdadvise, 32, 5.077310, 0.333321
16777216, read_rdadvise, 40, 4.924455, 0.329682
16777216, read_rdadvise, 48, 5.158085, 0.162601
16777216, read_rdadvise, 56, 4.966303, 0.208693
16777216, read_rdadvise, 64, 5.302770, 0.067256
16777216, read_rdadvise, 256, 4.642058, 0.269192
16777216, read_rdadvise, 1024, 5.254945, 0.343555
16777216, read_rdadvise, 4096, 5.454168, 0.470076
16777216, read_rdadvise, 16384, 7.711759, 0.309448
16777216, read_async_nocache, 4, 6.032435, 0.166489
16777216, read_async_nocache, 8, 4.097799, 0.145514
16777216, read_async_nocache, 12, 3.071023, 0.091956
16777216, read_async_nocache, 16, 3.177097, 0.060633
16777216, read_async_nocache, 24, 2.981713, 0.123191
16777216, read_async_nocache, 32, 3.105875, 0.145578
16777216, read_async_nocache, 40, 3.078290, 0.182296
16777216, read_async_nocache, 48, 2.953053, 0.113824
16777216, read_async_nocache, 56, 3.048357, 0.166108
16777216, read_async_nocache, 64, 3.153523, 0.289563
16777216, read_async_nocache, 256, 3.322356, 0.548629
16777216, read_async_nocache, 1024, 3.605614, 0.380998
16777216, read_async_nocache, 4096, 4.395394, 0.429733
16777216, read_async_nocache, 16384, 8.001544, 0.629224
16777216, read_async_rdahead, 4, 5.886002, 0.189222
16777216, read_async_rdahead, 8, 3.660446, 0.149403
16777216, read_async_rdahead, 12, 3.521625, 0.088325
16777216, read_async_rdahead, 16, 3.262208, 0.186415
16777216, read_async_rdahead, 24, 2.918678, 0.088008
16777216, read_async_rdahead, 32, 3.036695, 0.196940
16777216, read_async_rdahead, 40, 2.979526, 0.457709
16777216, read_async_rdahead, 48, 2.908686, 0.063075
16777216, read_async_rdahead, 56, 2.988786, 0.082900
16777216, read_async_rdahead, 64, 2.957927, 0.116244
16777216, read_async_rdahead, 256, 3.103799, 0.179738
16777216, read_async_rdahead, 1024, 3.359682, 0.308395
16777216, read_async_rdahead, 4096, 4.428068, 0.375734
16777216, read_async_rdahead, 16384, 7.468267, 0.356051
16777216, read_async_rdadvise, 4, 5.729761, 0.392069
16777216, read_async_rdadvise, 8, 3.979097, 0.116533
16777216, read_async_rdadvise, 12, 3.509060, 0.141340
16777216, read_async_rdadvise, 16, 2.962622, 0.090140
16777216, read_async_rdadvise, 24, 3.083966, 0.190500
16777216, read_async_rdadvise, 32, 3.142587, 0.114284
16777216, read_async_rdadvise, 40, 3.313923, 0.455942
16777216, read_async_rdadvise, 48, 3.171632, 0.164022
16777216, read_async_rdadvise, 56, 3.241040, 0.190257
16777216, read_async_rdadvise, 64, 3.189803, 0.206593
16777216, read_async_rdadvise, 256, 3.076439, 0.119952
16777216, read_async_rdadvise, 1024, 3.674246, 0.517391
16777216, read_async_rdadvise, 4096, 4.837111, 0.308789
16777216, read_async_rdadvise, 16384, 7.549328, 0.188532
16777216, mmap_plain, 0, 8.057823, 0.288476
16777216, mmap_nocache, 0, 7.772748, 0.506642
16777216, mmap_rdahead, 0, 7.478000, 0.387434
16777216, mmap_rdadvise, 0, 7.532127, 0.330838
1048576, read_plain, 4, 0.443848, 0.031450
1048576, read_plain, 8, 0.312912, 0.011073
1048576, read_plain, 12, 0.277771, 0.002697
1048576, read_plain, 16, 0.263184, 0.003097
1048576, read_plain, 24, 0.253742, 0.015015
1048576, read_plain, 32, 0.247069, 0.016580
1048576, read_plain, 40, 0.234486, 0.001641
1048576, read_plain, 48, 0.232084, 0.002095
1048576, read_plain, 56, 0.273436, 0.057769
1048576, read_plain, 64, 0.270197, 0.060039
1048576, read_plain, 256, 0.268650, 0.048508
1048576, read_plain, 1024, 0.399649, 0.111927
1048576, read_nocache, 4, 0.489585, 0.066909
1048576, read_nocache, 8, 0.311278, 0.001758
1048576, read_nocache, 12, 0.274937, 0.006138
1048576, read_nocache, 16, 0.271530, 0.014504
1048576, read_nocache, 24, 0.255228, 0.015174
1048576, read_nocache, 32, 0.272969, 0.077322
1048576, read_nocache, 40, 0.281337, 0.035797
1048576, read_nocache, 48, 0.232220, 0.017273
1048576, read_nocache, 56, 0.229268, 0.017662
1048576, read_nocache, 64, 0.242445, 0.024793
1048576, read_nocache, 256, 0.226747, 0.019617
1048576, read_nocache, 1024, 0.228960, 0.027223
1048576, read_rdahead, 4, 0.431692, 0.055540
1048576, read_rdahead, 8, 0.305887, 0.017828
1048576, read_rdahead, 12, 0.276448, 0.016974
1048576, read_rdahead, 16, 0.265217, 0.016647
1048576, read_rdahead, 24, 0.274718, 0.027524
1048576, read_rdahead, 32, 0.249571, 0.020877
1048576, read_rdahead, 40, 0.244098, 0.017099
1048576, read_rdahead, 48, 0.332778, 0.077782
1048576, read_rdahead, 56, 0.349750, 0.079880
1048576, read_rdahead, 64, 0.275850, 0.032601
1048576, read_rdahead, 256, 0.298090, 0.047797
1048576, read_rdahead, 1024, 0.333443, 0.043046
1048576, read_rdadvise, 4, 0.443430, 0.084300
1048576, read_rdadvise, 8, 0.315603, 0.015112
1048576, read_rdadvise, 12, 0.299498, 0.018949
1048576, read_rdadvise, 16, 0.274178, 0.004183
1048576, read_rdadvise, 24, 0.282679, 0.035827
1048576, read_rdadvise, 32, 0.292490, 0.025459
1048576, read_rdadvise, 40, 0.248161, 0.006524
1048576, read_rdadvise, 48, 0.241015, 0.001184
1048576, read_rdadvise, 56, 0.248888, 0.021424
1048576, read_rdadvise, 64, 0.230411, 0.000881
1048576, read_rdadvise, 256, 0.229762, 0.003553
1048576, read_rdadvise, 1024, 0.232914, 0.011909
1048576, read_async_nocache, 4, 0.373240, 0.035021
1048576, read_async_nocache, 8, 0.252475, 0.010151
1048576, read_async_nocache, 12, 0.229241, 0.008119
1048576, read_async_nocache, 16, 0.228330, 0.019335
1048576, read_async_nocache, 24, 0.234707, 0.020361
1048576, read_async_nocache, 32, 0.241382, 0.024085
1048576, read_async_nocache, 40, 0.237693, 0.014597
1048576, read_async_nocache, 48, 0.318901, 0.062096
1048576, read_async_nocache, 56, 0.224686, 0.019329
1048576, read_async_nocache, 64, 0.239858, 0.017770
1048576, read_async_nocache, 256, 0.294423, 0.067138
1048576, read_async_nocache, 1024, 0.331301, 0.089460
1048576, read_async_rdahead, 4, 0.366634, 0.005631
1048576, read_async_rdahead, 8, 0.242124, 0.019322
1048576, read_async_rdahead, 12, 0.199128, 0.004683
1048576, read_async_rdahead, 16, 0.205396, 0.006026
1048576, read_async_rdahead, 24, 0.203954, 0.014526
1048576, read_async_rdahead, 32, 0.204307, 0.006663
1048576, read_async_rdahead, 40, 0.196392, 0.002816
1048576, read_async_rdahead, 48, 0.223761, 0.037723
1048576, read_async_rdahead, 56, 0.194993, 0.002451
1048576, read_async_rdahead, 64, 0.193563, 0.001951
1048576, read_async_rdahead, 256, 0.204763, 0.002134
1048576, read_async_rdahead, 1024, 0.267215, 0.029761
1048576, read_async_rdadvise, 4, 0.350072, 0.020315
1048576, read_async_rdadvise, 8, 0.249815, 0.019395
1048576, read_async_rdadvise, 12, 0.214285, 0.011696
1048576, read_async_rdadvise, 16, 0.214771, 0.018402
1048576, read_async_rdadvise, 24, 0.200522, 0.006286
1048576, read_async_rdadvise, 32, 0.247485, 0.032236
1048576, read_async_rdadvise, 40, 0.239331, 0.026639
1048576, read_async_rdadvise, 48, 0.240300, 0.032784
1048576, read_async_rdadvise, 56, 0.257709, 0.042212
1048576, read_async_rdadvise, 64, 0.273235, 0.042201
1048576, read_async_rdadvise, 256, 0.333791, 0.068239
1048576, read_async_rdadvise, 1024, 0.306170, 0.055440
1048576, mmap_plain, 0, 0.557479, 0.033556
1048576, mmap_nocache, 0, 0.483232, 0.050599
1048576, mmap_rdahead, 0, 0.441275, 0.004225
1048576, mmap_rdadvise, 0, 0.442983, 0.003550
268435456, read_plain, 4, 112.541246, 1.524206
268435456, read_plain, 8, 91.352475, 4.845084
268435456, read_plain, 12, 87.592902, 4.747254
268435456, read_plain, 16, 75.967154, 3.234017
268435456, read_plain, 24, 71.731488, 3.382564
268435456, read_plain, 32, 68.124661, 3.474586
268435456, read_plain, 40, 68.672594, 2.016424
268435456, read_plain, 48, 69.887290, 2.200602
268435456, read_plain, 56, 71.525914, 1.165525
268435456, read_plain, 64, 71.258747, 1.477640
268435456, read_plain, 256, 69.381111, 1.083185
268435456, read_plain, 1024, 68.900371, 1.747746
268435456, read_plain, 4096, 76.718848, 2.136041
268435456, read_plain, 16384, 91.779289, 3.655650
268435456, read_plain, 65536, 97.193624, 6.231797
268435456, read_plain, 262144, 151.677571, 2.471826
268435456, read_nocache, 4, 115.256791, 1.490338
268435456, read_nocache, 8, 89.248719, 1.299601
268435456, read_nocache, 12, 81.600004, 1.515769
268435456, read_nocache, 16, 76.901059, 1.234330
268435456, read_nocache, 24, 73.647176, 0.936358
268435456, read_nocache, 32, 70.925572, 1.743125
268435456, read_nocache, 40, 69.254900, 1.275096
268435456, read_nocache, 48, 69.273511, 1.722694
268435456, read_nocache, 56, 67.868161, 1.521955
268435456, read_nocache, 64, 67.435658, 2.249474
268435456, read_nocache, 256, 67.467493, 1.201220
268435456, read_nocache, 1024, 66.682821, 2.499285
268435456, read_nocache, 4096, 79.338634, 8.295290
268435456, read_nocache, 16384, 87.119751, 0.541321
268435456, read_nocache, 65536, 91.917397, 1.420148
268435456, read_nocache, 262144, 151.875691, 3.029061
268435456, read_rdahead, 4, 111.572189, 2.348971
268435456, read_rdahead, 8, 87.672214, 1.347514
268435456, read_rdahead, 12, 82.212815, 1.541338
268435456, read_rdahead, 16, 79.057974, 0.945992
268435456, read_rdahead, 24, 80.852577, 4.793609
268435456, read_rdahead, 32, 75.925124, 2.775561
268435456, read_rdahead, 40, 72.543598, 1.516066
268435456, read_rdahead, 48, 72.220065, 1.669117
268435456, read_rdahead, 56, 70.178428, 1.148284
268435456, read_rdahead, 64, 71.310472, 1.354823
268435456, read_rdahead, 256, 69.724201, 2.108959
268435456, read_rdahead, 1024, 68.518122, 0.743360
268435456, read_rdahead, 4096, 73.744373, 1.351678
268435456, read_rdahead, 16384, 82.871570, 1.863162
268435456, read_rdahead, 65536, 87.941211, 2.018840
268435456, read_rdahead, 262144, 158.110759, 3.054338
268435456, read_rdadvise, 4, 120.617074, 2.620695
268435456, read_rdadvise, 8, 95.259884, 2.100456
268435456, read_rdadvise, 12, 86.430335, 2.284756
268435456, read_rdadvise, 16, 81.399669, 1.012852
268435456, read_rdadvise, 24, 77.067598, 1.320169
268435456, read_rdadvise, 32, 74.314207, 1.208209
268435456, read_rdadvise, 40, 74.342572, 1.991692
268435456, read_rdadvise, 48, 73.250535, 1.664070
268435456, read_rdadvise, 56, 71.344606, 1.588305
268435456, read_rdadvise, 64, 72.731918, 2.699609
268435456, read_rdadvise, 256, 73.443375, 0.455971
268435456, read_rdadvise, 1024, 74.670404, 2.660350
268435456, read_rdadvise, 4096, 81.007803, 2.236872
268435456, read_rdadvise, 16384, 92.370240, 1.273746
268435456, read_rdadvise, 65536, 98.545141, 1.768303
268435456, read_rdadvise, 262144, 156.938046, 5.637735
268435456, read_async_nocache, 4, 81.510381, 1.585701
268435456, read_async_nocache, 8, 56.349576, 1.635051
268435456, read_async_nocache, 12, 47.224792, 1.080290
268435456, read_async_nocache, 16, 44.049498, 1.704162
268435456, read_async_nocache, 24, 40.912594, 1.163820
268435456, read_async_nocache, 32, 40.571841, 0.997893
268435456, read_async_nocache, 40, 40.546128, 0.986879
268435456, read_async_nocache, 48, 41.102518, 1.335955
268435456, read_async_nocache, 56, 41.194928, 1.148757
268435456, read_async_nocache, 64, 42.205773, 1.907969
268435456, read_async_nocache, 256, 42.877918, 1.829680
268435456, read_async_nocache, 1024, 42.275613, 1.765155
268435456, read_async_nocache, 4096, 55.744297, 2.943547
268435456, read_async_nocache, 16384, 60.604232, 3.700760
268435456, read_async_nocache, 65536, 75.110525, 6.872804
268435456, read_async_nocache, 262144, 154.390511, 6.740037
268435456, read_async_rdahead, 4, 77.703262, 2.315017
268435456, read_async_rdahead, 8, 53.842631, 1.370845
268435456, read_async_rdahead, 12, 45.889430, 1.401511
268435456, read_async_rdahead, 16, 43.228881, 0.752280
268435456, read_async_rdahead, 24, 41.851844, 0.700389
268435456, read_async_rdahead, 32, 42.315237, 1.157496
268435456, read_async_rdahead, 40, 42.061916, 1.186583
268435456, read_async_rdahead, 48, 40.894102, 0.861893
268435456, read_async_rdahead, 56, 42.561619, 0.581717
268435456, read_async_rdahead, 64, 42.237964, 1.076479
268435456, read_async_rdahead, 256, 42.165791, 0.423136
268435456, read_async_rdahead, 1024, 42.668375, 1.374882
268435456, read_async_rdahead, 4096, 53.007170, 1.527855
268435456, read_async_rdahead, 16384, 57.878528, 1.693937
268435456, read_async_rdahead, 65536, 71.397703, 2.111733
268435456, read_async_rdahead, 262144, 153.688898, 2.969812
268435456, read_async_rdadvise, 4, 80.849611, 1.393703
268435456, read_async_rdadvise, 8, 56.672769, 1.596111
268435456, read_async_rdadvise, 12, 49.426374, 1.423590
268435456, read_async_rdadvise, 16, 47.463090, 1.547287
268435456, read_async_rdadvise, 24, 44.886604, 1.281907
268435456, read_async_rdadvise, 32, 47.008195, 1.816453
268435456, read_async_rdadvise, 40, 46.945152, 2.019461
268435456, read_async_rdadvise, 48, 45.918225, 1.231620
268435456, read_async_rdadvise, 56, 46.178482, 0.953861
268435456, read_async_rdadvise, 64, 46.067313, 0.663390
268435456, read_async_rdadvise, 256, 47.193125, 1.006520
268435456, read_async_rdadvise, 1024, 47.505766, 1.300169
268435456, read_async_rdadvise, 4096, 58.967815, 3.086840
268435456, read_async_rdadvise, 16384, 61.830776, 1.074469
268435456, read_async_rdadvise, 65536, 77.220872, 3.329966
268435456, read_async_rdadvise, 262144, 155.473655, 5.673385
268435456, mmap_plain, 0, 117.651661, 2.493521
268435456, mmap_nocache, 0, 117.552737, 1.404852
268435456, mmap_rdahead, 0, 117.223768, 1.810271
268435456, mmap_rdadvise, 0, 120.032217, 1.126308
2097152, read_plain, 4, 0.841272, 0.045214
2097152, read_plain, 8, 0.609580, 0.010857
2097152, read_plain, 12, 0.559186, 0.016271
2097152, read_plain, 16, 0.547684, 0.022734
2097152, read_plain, 24, 0.514797, 0.027781
2097152, read_plain, 32, 0.621615, 0.119228
2097152, read_plain, 40, 0.589209, 0.046656
2097152, read_plain, 48, 0.560175, 0.103533
2097152, read_plain, 56, 0.445902, 0.009054
2097152, read_plain, 64, 0.446920, 0.015072
2097152, read_plain, 256, 0.477776, 0.041593
2097152, read_plain, 1024, 0.612487, 0.097096
2097152, read_nocache, 4, 0.883292, 0.085260
2097152, read_nocache, 8, 0.602129, 0.008741
2097152, read_nocache, 12, 0.546636, 0.017909
2097152, read_nocache, 16, 0.530621, 0.023024
2097152, read_nocache, 24, 0.502322, 0.015314
2097152, read_nocache, 32, 0.673623, 0.092925
2097152, read_nocache, 40, 0.618833, 0.042321
2097152, read_nocache, 48, 0.536386, 0.089112
2097152, read_nocache, 56, 0.443274, 0.005734
2097152, read_nocache, 64, 0.448962, 0.014025
2097152, read_nocache, 256, 0.496818, 0.065349
2097152, read_nocache, 1024, 0.551723, 0.136908
2097152, read_rdahead, 4, 0.815975, 0.028897
2097152, read_rdahead, 8, 0.629454, 0.065455
2097152, read_rdahead, 12, 0.532277, 0.004266
2097152, read_rdahead, 16, 0.527999, 0.029187
2097152, read_rdahead, 24, 0.496447, 0.020811
2097152, read_rdahead, 32, 0.639354, 0.104204
2097152, read_rdahead, 40, 0.663339, 0.068086
2097152, read_rdahead, 48, 0.521826, 0.085409
2097152, read_rdahead, 56, 0.454090, 0.019910
2097152, read_rdahead, 64, 0.451237, 0.017603
2097152, read_rdahead, 256, 0.545783, 0.050323
2097152, read_rdahead, 1024, 0.459899, 0.033732
2097152, read_rdadvise, 4, 0.807418, 0.029716
2097152, read_rdadvise, 8, 0.599735, 0.004890
2097152, read_rdadvise, 12, 0.544644, 0.017497
2097152, read_rdadvise, 16, 0.550485, 0.043790
2097152, read_rdadvise, 24, 0.648946, 0.145791
2097152, read_rdadvise, 32, 0.727550, 0.139404
2097152, read_rdadvise, 40, 0.698857, 0.125540
2097152, read_rdadvise, 48, 0.496300, 0.023765
2097152, read_rdadvise, 56, 0.475383, 0.010721
2097152, read_rdadvise, 64, 0.498535, 0.011203
2097152, read_rdadvise, 256, 0.529983, 0.061202
2097152, read_rdadvise, 1024, 0.555101, 0.031849
2097152, read_async_nocache, 4, 0.697340, 0.048402
2097152, read_async_nocache, 8, 0.447085, 0.010520
2097152, read_async_nocache, 12, 0.405236, 0.008648
2097152, read_async_nocache, 16, 0.395484, 0.033918
2097152, read_async_nocache, 24, 0.463255, 0.072129
2097152, read_async_nocache, 32, 0.414351, 0.054409
2097152, read_async_nocache, 40, 0.423243, 0.035411
2097152, read_async_nocache, 48, 0.445969, 0.025859
2097152, read_async_nocache, 56, 0.389029, 0.015837
2097152, read_async_nocache, 64, 0.385658, 0.022132
2097152, read_async_nocache, 256, 0.435527, 0.030010
2097152, read_async_nocache, 1024, 0.519064, 0.117751
2097152, read_async_rdahead, 4, 0.688707, 0.063944
2097152, read_async_rdahead, 8, 0.464179, 0.072032
2097152, read_async_rdahead, 12, 0.447874, 0.072326
2097152, read_async_rdahead, 16, 0.542911, 0.090656
2097152, read_async_rdahead, 24, 0.452703, 0.079363
2097152, read_async_rdahead, 32, 0.392967, 0.022026
2097152, read_async_rdahead, 40, 0.410154, 0.019173
2097152, read_async_rdahead, 48, 0.459430, 0.067026
2097152, read_async_rdahead, 56, 0.421957, 0.039268
2097152, read_async_rdahead, 64, 0.482486, 0.034073
2097152, read_async_rdahead, 256, 0.421660, 0.023416
2097152, read_async_rdahead, 1024, 0.463564, 0.018082
2097152, read_async_rdadvise, 4, 0.716073, 0.023265
2097152, read_async_rdadvise, 8, 0.528979, 0.042613
2097152, read_async_rdadvise, 12, 0.418225, 0.020564
2097152, read_async_rdadvise, 16, 0.415447, 0.020649
2097152, read_async_rdadvise, 24, 0.389233, 0.018742
2097152, read_async_rdadvise, 32, 0.403447, 0.010998
2097152, read_async_rdadvise, 40, 0.405146, 0.018996
2097152, read_async_rdadvise, 48, 0.404373, 0.011842
2097152, read_async_rdadvise, 56, 0.427304, 0.024204
2097152, read_async_rdadvise, 64, 0.399596, 0.013237
2097152, read_async_rdadvise, 256, 0.487373, 0.091114
2097152, read_async_rdadvise, 1024, 0.868575, 0.268070
2097152, mmap_plain, 0, 1.098148, 0.114236
2097152, mmap_nocache, 0, 1.038241, 0.019660
2097152, mmap_rdahead, 0, 1.020806, 0.024524
2097152, mmap_rdadvise, 0, 0.939914, 0.028425
33554432, read_plain, 4, 14.525086, 0.530132
33554432, read_plain, 8, 11.670699, 0.666510
33554432, read_plain, 12, 10.365991, 0.419604
33554432, read_plain, 16, 10.018034, 0.525809
33554432, read_plain, 24, 9.606566, 0.463135
33554432, read_plain, 32, 9.438603, 0.386388
33554432, read_plain, 40, 9.244201, 0.325752
33554432, read_plain, 48, 9.360717, 0.485088
33554432, read_plain, 56, 9.146189, 0.316627
33554432, read_plain, 64, 9.091799, 0.409009
33554432, read_plain, 256, 9.064222, 0.318768
33554432, read_plain, 1024, 9.377468, 1.200545
33554432, read_plain, 4096, 10.311528, 0.987247
33554432, read_plain, 16384, 13.607278, 1.927114
33554432, read_nocache, 4, 16.027832, 1.034911
33554432, read_nocache, 8, 11.996302, 0.643943
33554432, read_nocache, 12, 11.052665, 0.443550
33554432, read_nocache, 16, 10.336042, 0.344802
33554432, read_nocache, 24, 10.023438, 0.206067
33554432, read_nocache, 32, 9.685123, 0.341428
33554432, read_nocache, 40, 9.497250, 0.348492
33554432, read_nocache, 48, 9.315155, 0.413080
33554432, read_nocache, 56, 9.386891, 0.304965
33554432, read_nocache, 64, 9.367587, 0.286104
33554432, read_nocache, 256, 9.479991, 0.350558
33554432, read_nocache, 1024, 9.445743, 0.403887
33554432, read_nocache, 4096, 10.407801, 0.698526
33554432, read_nocache, 16384, 12.990968, 0.185200
33554432, read_rdahead, 4, 15.227729, 0.773340
33554432, read_rdahead, 8, 11.872589, 0.688829
33554432, read_rdahead, 12, 10.525831, 0.347108
33554432, read_rdahead, 16, 10.374921, 0.270798
33554432, read_rdahead, 24, 9.838476, 0.372520
33554432, read_rdahead, 32, 10.099522, 0.366341
33554432, read_rdahead, 40, 9.810058, 0.402831
33554432, read_rdahead, 48, 9.868943, 0.436688
33554432, read_rdahead, 56, 9.697286, 0.511342
33554432, read_rdahead, 64, 9.740249, 0.471989
33554432, read_rdahead, 256, 9.407465, 0.224787
33554432, read_rdahead, 1024, 9.733910, 0.313875
33554432, read_rdahead, 4096, 10.584369, 0.415981
33554432, read_rdahead, 16384, 13.304878, 0.471406
33554432, read_rdadvise, 4, 15.875283, 1.338322
33554432, read_rdadvise, 8, 11.885220, 0.547335
33554432, read_rdadvise, 12, 11.265223, 0.358270
33554432, read_rdadvise, 16, 10.858757, 0.553001
33554432, read_rdadvise, 24, 10.630697, 0.354339
33554432, read_rdadvise, 32, 10.361624, 0.285779
33554432, read_rdadvise, 40, 10.395790, 0.437466
33554432, read_rdadvise, 48, 10.038130, 0.398301
33554432, read_rdadvise, 56, 9.754567, 0.411330
33554432, read_rdadvise, 64, 9.355397, 0.575768
33554432, read_rdadvise, 256, 9.282094, 0.324754
33554432, read_rdadvise, 1024, 9.654566, 0.279927
33554432, read_rdadvise, 4096, 10.410107, 0.658838
33554432, read_rdadvise, 16384, 11.856915, 0.407218
33554432, read_async_nocache, 4, 11.075958, 0.210933
33554432, read_async_nocache, 8, 7.917951, 0.524951
33554432, read_async_nocache, 12, 6.660083, 0.317284
33554432, read_async_nocache, 16, 6.105032, 0.445419
33554432, read_async_nocache, 24, 5.704572, 0.315812
33554432, read_async_nocache, 32, 5.668485, 0.162845
33554432, read_async_nocache, 40, 5.641646, 0.245738
33554432, read_async_nocache, 48, 5.963896, 0.239418
33554432, read_async_nocache, 56, 5.661655, 0.369534
33554432, read_async_nocache, 64, 5.485198, 0.209207
33554432, read_async_nocache, 256, 5.564910, 0.290115
33554432, read_async_nocache, 1024, 5.876868, 0.245934
33554432, read_async_nocache, 4096, 7.899811, 1.649747
33554432, read_async_nocache, 16384, 12.271024, 3.067034
33554432, read_async_rdahead, 4, 10.691877, 0.471767
33554432, read_async_rdahead, 8, 7.665444, 0.374095
33554432, read_async_rdahead, 12, 6.468624, 0.523307
33554432, read_async_rdahead, 16, 6.179233, 0.486704
33554432, read_async_rdahead, 24, 5.809775, 0.357287
33554432, read_async_rdahead, 32, 5.668556, 0.107987
33554432, read_async_rdahead, 40, 5.690779, 0.323120
33554432, read_async_rdahead, 48, 5.496573, 0.341981
33554432, read_async_rdahead, 56, 5.713436, 0.614049
33554432, read_async_rdahead, 64, 5.713304, 0.443492
33554432, read_async_rdahead, 256, 5.458972, 0.288336
33554432, read_async_rdahead, 1024, 5.726676, 0.312830
33554432, read_async_rdahead, 4096, 7.000331, 0.562907
33554432, read_async_rdahead, 16384, 11.196893, 1.049800
33554432, read_async_rdadvise, 4, 10.969457, 0.685079
33554432, read_async_rdadvise, 8, 8.253964, 0.574205
33554432, read_async_rdadvise, 12, 6.904741, 0.630481
33554432, read_async_rdadvise, 16, 6.555574, 0.694023
33554432, read_async_rdadvise, 24, 6.041446, 0.324648
33554432, read_async_rdadvise, 32, 6.095725, 0.211586
33554432, read_async_rdadvise, 40, 6.117198, 0.445972
33554432, read_async_rdadvise, 48, 6.029274, 0.379341
33554432, read_async_rdadvise, 56, 6.311246, 0.757340
33554432, read_async_rdadvise, 64, 5.860741, 0.280355
33554432, read_async_rdadvise, 256, 5.849035, 0.218826
33554432, read_async_rdadvise, 1024, 6.048753, 0.439857
33554432, read_async_rdadvise, 4096, 7.316795, 0.717785
33554432, read_async_rdadvise, 16384, 11.224720, 0.759949
33554432, mmap_plain, 0, 15.448596, 0.459085
33554432, mmap_nocache, 0, 15.700506, 0.366361
33554432, mmap_rdahead, 0, 15.592222, 0.532991
33554432, mmap_rdadvise, 0, 15.400107, 0.586430
4194304, read_plain, 4, 2.026522, 0.128761
4194304, read_plain, 8, 1.455077, 0.055906
4194304, read_plain, 12, 1.299628, 0.095580
4194304, read_plain, 16, 1.176422, 0.075936
4194304, read_plain, 24, 1.394439, 0.068561
4194304, read_plain, 32, 1.320111, 0.092734
4194304, read_plain, 40, 1.144576, 0.018349
4194304, read_plain, 48, 1.257472, 0.057115
4194304, read_plain, 56, 1.266632, 0.108280
4194304, read_plain, 64, 1.140438, 0.074213
4194304, read_plain, 256, 1.178090, 0.075757
4194304, read_plain, 1024, 1.196223, 0.269355
4194304, read_plain, 4096, 1.497111, 0.382334
4194304, read_nocache, 4, 2.022732, 0.106137
4194304, read_nocache, 8, 1.631420, 0.179045
4194304, read_nocache, 12, 1.456286, 0.114189
4194304, read_nocache, 16, 1.172830, 0.045640
4194304, read_nocache, 24, 1.504113, 0.108488
4194304, read_nocache, 32, 1.085110, 0.096890
4194304, read_nocache, 40, 1.221242, 0.177118
4194304, read_nocache, 48, 1.249922, 0.077607
4194304, read_nocache, 56, 1.005521, 0.045302
4194304, read_nocache, 64, 1.316464, 0.229220
4194304, read_nocache, 256, 1.151738, 0.074799
4194304, read_nocache, 1024, 0.995058, 0.028977
4194304, read_nocache, 4096, 1.221397, 0.089878
4194304, read_rdahead, 4, 1.770822, 0.196585
4194304, read_rdahead, 8, 1.514340, 0.067844
4194304, read_rdahead, 12, 1.164184, 0.061807
4194304, read_rdahead, 16, 1.261249, 0.169581
4194304, read_rdahead, 24, 1.421671, 0.222126
4194304, read_rdahead, 32, 1.035407, 0.082513
4194304, read_rdahead, 40, 1.319574, 0.203262
4194304, read_rdahead, 48, 1.303623, 0.112864
4194304, read_rdahead, 56, 1.390837, 0.241158
4194304, read_rdahead, 64, 1.348095, 0.037923
4194304, read_rdahead, 256, 1.120876, 0.074017
4194304, read_rdahead, 1024, 1.321927, 0.124188
4194304, read_rdahead, 4096, 1.580180, 0.118097
4194304, read_rdadvise, 4, 2.274054, 0.094706
4194304, read_rdadvise, 8, 1.669248, 0.143926
4194304, read_rdadvise, 12, 1.607102, 0.085532
4194304, read_rdadvise, 16, 1.430780, 0.134570
4194304, read_rdadvise, 24, 1.389640, 0.129518
4194304, read_rdadvise, 32, 1.404650, 0.085037
4194304, read_rdadvise, 40, 1.242176, 0.067105
4194304, read_rdadvise, 48, 1.395398, 0.065677
4194304, read_rdadvise, 56, 1.268519, 0.147528
4194304, read_rdadvise, 64, 1.313313, 0.135875
4194304, read_rdadvise, 256, 1.335754, 0.056056
4194304, read_rdadvise, 1024, 1.216289, 0.058030
4194304, read_rdadvise, 4096, 1.628777, 0.137413
4194304, read_async_nocache, 4, 1.799671, 0.154610
4194304, read_async_nocache, 8, 1.297848, 0.076550
4194304, read_async_nocache, 12, 1.004383, 0.102210
4194304, read_async_nocache, 16, 0.835281, 0.030701
4194304, read_async_nocache, 24, 1.006061, 0.099332
4194304, read_async_nocache, 32, 0.990720, 0.056260
4194304, read_async_nocache, 40, 0.883184, 0.043578
4194304, read_async_nocache, 48, 0.941460, 0.086469
4194304, read_async_nocache, 56, 0.886982, 0.059727
4194304, read_async_nocache, 64, 0.904347, 0.045688
4194304, read_async_nocache, 256, 0.866084, 0.048262
4194304, read_async_nocache, 1024, 1.195599, 0.112606
4194304, read_async_nocache, 4096, 1.510657, 0.105639
4194304, read_async_rdahead, 4, 1.593968, 0.050934
4194304, read_async_rdahead, 8, 0.984488, 0.040676
4194304, read_async_rdahead, 12, 0.815279, 0.019901
4194304, read_async_rdahead, 16, 0.780771, 0.010262
4194304, read_async_rdahead, 24, 0.750445, 0.023226
4194304, read_async_rdahead, 32, 0.814467, 0.078230
4194304, read_async_rdahead, 40, 0.824446, 0.039506
4194304, read_async_rdahead, 48, 0.748278, 0.023818
4194304, read_async_rdahead, 56, 0.745284, 0.013317
4194304, read_async_rdahead, 64, 0.781089, 0.050344
4194304, read_async_rdahead, 256, 0.755154, 0.026922
4194304, read_async_rdahead, 1024, 0.829621, 0.063158
4194304, read_async_rdahead, 4096, 1.211980, 0.035935
4194304, read_async_rdadvise, 4, 1.560098, 0.090996
4194304, read_async_rdadvise, 8, 1.033428, 0.097610
4194304, read_async_rdadvise, 12, 0.922933, 0.046064
4194304, read_async_rdadvise, 16, 0.830609, 0.027329
4194304, read_async_rdadvise, 24, 0.807150, 0.041003
4194304, read_async_rdadvise, 32, 0.735940, 0.026099
4194304, read_async_rdadvise, 40, 0.762888, 0.041203
4194304, read_async_rdadvise, 48, 0.865808, 0.087997
4194304, read_async_rdadvise, 56, 0.878467, 0.022367
4194304, read_async_rdadvise, 64, 0.846949, 0.018282
4194304, read_async_rdadvise, 256, 0.838525, 0.015472
4194304, read_async_rdadvise, 1024, 0.945586, 0.036394
4194304, read_async_rdadvise, 4096, 1.332870, 0.106177
4194304, mmap_plain, 0, 2.047020, 0.079346
4194304, mmap_nocache, 0, 2.095623, 0.087833
4194304, mmap_rdahead, 0, 2.009427, 0.073200
4194304, mmap_rdadvise, 0, 1.929077, 0.083507
67108864, read_plain, 4, 28.830904, 1.236989
67108864, read_plain, 8, 21.574190, 1.255533
67108864, read_plain, 12, 20.247373, 1.211676
67108864, read_plain, 16, 20.311113, 0.896517
67108864, read_plain, 24, 19.540888, 0.631180
67108864, read_plain, 32, 19.011555, 0.751134
67108864, read_plain, 40, 19.465954, 0.938903
67108864, read_plain, 48, 19.468137, 0.790548
67108864, read_plain, 56, 18.836444, 0.458675
67108864, read_plain, 64, 18.055694, 0.826134
67108864, read_plain, 256, 17.289633, 1.620005
67108864, read_plain, 1024, 16.731303, 1.385660
67108864, read_plain, 4096, 17.670496, 1.831490
67108864, read_plain, 16384, 21.522196, 2.558178
67108864, read_plain, 65536, 30.880596, 4.737070
67108864, read_nocache, 4, 30.151766, 1.866970
67108864, read_nocache, 8, 25.030164, 1.375372
67108864, read_nocache, 12, 21.775301, 0.486767
67108864, read_nocache, 16, 20.577960, 1.011638
67108864, read_nocache, 24, 19.502161, 0.918485
67108864, read_nocache, 32, 19.091316, 1.252368
67108864, read_nocache, 40, 18.644649, 0.319689
67108864, read_nocache, 48, 17.022920, 1.090272
67108864, read_nocache, 56, 16.802869, 1.107641
67108864, read_nocache, 64, 16.794733, 1.228350
67108864, read_nocache, 256, 16.409367, 0.990139
67108864, read_nocache, 1024, 15.905407, 1.080764
67108864, read_nocache, 4096, 17.914938, 1.280616
67108864, read_nocache, 16384, 20.128694, 0.789621
67108864, read_nocache, 65536, 27.316483, 0.476613
67108864, read_rdahead, 4, 30.249502, 1.178120
67108864, read_rdahead, 8, 23.575997, 1.225817
67108864, read_rdahead, 12, 20.634995, 1.012370
67108864, read_rdahead, 16, 19.435965, 0.909828
67108864, read_rdahead, 24, 18.405981, 0.942959
67108864, read_rdahead, 32, 18.127645, 1.533443
67108864, read_rdahead, 40, 17.601480, 0.862091
67108864, read_rdahead, 48, 17.508974, 0.857010
67108864, read_rdahead, 56, 17.303085, 1.020908
67108864, read_rdahead, 64, 16.698444, 0.787057
67108864, read_rdahead, 256, 16.466050, 0.519853
67108864, read_rdahead, 1024, 16.393910, 1.672490
67108864, read_rdahead, 4096, 20.346431, 1.183269
67108864, read_rdahead, 16384, 24.907765, 0.852648
67108864, read_rdahead, 65536, 29.183071, 0.881300
67108864, read_rdadvise, 4, 30.291306, 0.891611
67108864, read_rdadvise, 8, 24.555406, 1.052038
67108864, read_rdadvise, 12, 22.260373, 0.486927
67108864, read_rdadvise, 16, 20.182823, 1.889303
67108864, read_rdadvise, 24, 18.838498, 1.579291
67108864, read_rdadvise, 32, 17.529522, 0.834115
67108864, read_rdadvise, 40, 17.181579, 0.973102
67108864, read_rdadvise, 48, 17.795920, 1.437762
67108864, read_rdadvise, 56, 16.995640, 1.245348
67108864, read_rdadvise, 64, 16.661377, 1.155899
67108864, read_rdadvise, 256, 18.215935, 1.314664
67108864, read_rdadvise, 1024, 18.129252, 0.981980
67108864, read_rdadvise, 4096, 19.788728, 0.835538
67108864, read_rdadvise, 16384, 24.012063, 0.763010
67108864, read_rdadvise, 65536, 26.026783, 1.504666
67108864, read_async_nocache, 4, 20.967912, 1.326855
67108864, read_async_nocache, 8, 14.323728, 0.686182
67108864, read_async_nocache, 12, 12.508582, 0.750403
67108864, read_async_nocache, 16, 11.102540, 0.743549
67108864, read_async_nocache, 24, 10.789204, 0.380560
67108864, read_async_nocache, 32, 10.415308, 0.581573
67108864, read_async_nocache, 40, 10.294413, 0.414525
67108864, read_async_nocache, 48, 10.610518, 0.500904
67108864, read_async_nocache, 56, 11.242055, 0.946557
67108864, read_async_nocache, 64, 11.311873, 0.238520
67108864, read_async_nocache, 256, 11.031007, 0.548700
67108864, read_async_nocache, 1024, 11.129512, 0.759891
67108864, read_async_nocache, 4096, 12.507882, 1.975156
67108864, read_async_nocache, 16384, 17.770460, 2.405187
67108864, read_async_nocache, 65536, 24.206606, 1.559818
67108864, read_async_rdahead, 4, 20.537279, 2.222597
67108864, read_async_rdahead, 8, 13.648276, 0.650628
67108864, read_async_rdahead, 12, 12.415481, 0.516700
67108864, read_async_rdahead, 16, 11.279050, 0.617114
67108864, read_async_rdahead, 24, 10.823404, 0.634185
67108864, read_async_rdahead, 32, 10.466945, 0.772273
67108864, read_async_rdahead, 40, 10.923178, 0.828703
67108864, read_async_rdahead, 48, 10.371675, 0.502496
67108864, read_async_rdahead, 56, 11.682359, 1.497760
67108864, read_async_rdahead, 64, 10.462343, 0.551225
67108864, read_async_rdahead, 256, 10.277412, 0.310345
67108864, read_async_rdahead, 1024, 10.841253, 0.525220
67108864, read_async_rdahead, 4096, 13.348210, 1.595790
67108864, read_async_rdahead, 16384, 18.641428, 0.584668
67108864, read_async_rdahead, 65536, 28.804011, 1.439623
67108864, read_async_rdadvise, 4, 21.676063, 1.128053
67108864, read_async_rdadvise, 8, 15.078676, 0.639525
67108864, read_async_rdadvise, 12, 12.805000, 1.091640
67108864, read_async_rdadvise, 16, 12.273857, 0.521761
67108864, read_async_rdadvise, 24, 12.026278, 0.589279
67108864, read_async_rdadvise, 32, 11.649546, 0.349118
67108864, read_async_rdadvise, 40, 11.530770, 0.387799
67108864, read_async_rdadvise, 48, 12.219670, 1.020183
67108864, read_async_rdadvise, 56, 11.680306, 0.443869
67108864, read_async_rdadvise, 64, 11.599513, 0.384819
67108864, read_async_rdadvise, 256, 11.754743, 0.299353
67108864, read_async_rdadvise, 1024, 12.096506, 0.513369
67108864, read_async_rdadvise, 4096, 14.867330, 0.695974
67108864, read_async_rdadvise, 16384, 19.454211, 0.923622
67108864, read_async_rdadvise, 65536, 30.276026, 0.828155
67108864, mmap_plain, 0, 31.599038, 0.769316
67108864, mmap_nocache, 0, 30.777650, 0.810830
67108864, mmap_rdahead, 0, 30.452725, 1.412141
67108864, mmap_rdadvise, 0, 27.774307, 1.310786
83886080, read_plain, 4, 34.956594, 0.908114
83886080, read_plain, 8, 28.157795, 1.004571
83886080, read_plain, 12, 25.261173, 0.593709
83886080, read_plain, 16, 24.453072, 0.951564
83886080, read_plain, 24, 22.337037, 1.246532
83886080, read_plain, 32, 21.855023, 0.805777
83886080, read_plain, 40, 21.308626, 0.816075
83886080, read_plain, 48, 21.233951, 1.268810
83886080, read_plain, 56, 20.533811, 0.910078
83886080, read_plain, 64, 20.826280, 0.947827
83886080, read_plain, 256, 21.105211, 1.711686
83886080, read_plain, 1024, 20.085449, 0.980401
83886080, read_plain, 4096, 22.108734, 1.343071
83886080, read_plain, 16384, 25.569904, 3.230149
83886080, read_plain, 65536, 31.871247, 6.422208
83886080, read_nocache, 4, 34.812583, 1.297868
83886080, read_nocache, 8, 27.118388, 1.049545
83886080, read_nocache, 12, 25.106257, 0.480372
83886080, read_nocache, 16, 23.619255, 2.233878
83886080, read_nocache, 24, 23.441013, 0.846706
83886080, read_nocache, 32, 21.288951, 1.327867
83886080, read_nocache, 40, 20.821553, 0.854726
83886080, read_nocache, 48, 21.446906, 1.069215
83886080, read_nocache, 56, 20.422376, 1.264686
83886080, read_nocache, 64, 20.509131, 1.215449
83886080, read_nocache, 256, 19.714353, 1.146291
83886080, read_nocache, 1024, 20.610635, 0.979410
83886080, read_nocache, 4096, 21.678992, 1.354735
83886080, read_nocache, 16384, 25.178821, 1.481124
83886080, read_nocache, 65536, 28.688860, 1.524327
83886080, read_rdahead, 4, 33.399307, 1.585601
83886080, read_rdahead, 8, 26.950610, 2.642305
83886080, read_rdahead, 12, 24.193372, 1.278162
83886080, read_rdahead, 16, 24.798589, 0.742704
83886080, read_rdahead, 24, 22.765621, 1.297460
83886080, read_rdahead, 32, 21.606679, 1.923059
83886080, read_rdahead, 40, 21.555958, 1.322686
83886080, read_rdahead, 48, 20.654204, 1.230498
83886080, read_rdahead, 56, 20.445838, 1.246644
83886080, read_rdahead, 64, 20.745102, 1.180764
83886080, read_rdahead, 256, 20.229776, 1.217508
83886080, read_rdahead, 1024, 20.555602, 0.643302
83886080, read_rdahead, 4096, 21.855099, 1.683333
83886080, read_rdahead, 16384, 25.870149, 1.054400
83886080, read_rdahead, 65536, 30.745550, 1.268354
83886080, read_rdadvise, 4, 34.963884, 1.717647
83886080, read_rdadvise, 8, 26.729818, 0.973377
83886080, read_rdadvise, 12, 24.921424, 1.272551
83886080, read_rdadvise, 16, 23.183062, 1.102529
83886080, read_rdadvise, 24, 22.253212, 1.232209
83886080, read_rdadvise, 32, 21.560269, 1.057098
83886080, read_rdadvise, 40, 21.316894, 1.176180
83886080, read_rdadvise, 48, 21.537015, 1.754663
83886080, read_rdadvise, 56, 20.664201, 1.167834
83886080, read_rdadvise, 64, 20.520126, 1.398889
83886080, read_rdadvise, 256, 20.612144, 1.502703
83886080, read_rdadvise, 1024, 20.040994, 1.479170
83886080, read_rdadvise, 4096, 23.718931, 2.637915
83886080, read_rdadvise, 16384, 25.831366, 1.349027
83886080, read_rdadvise, 65536, 31.407385, 0.560931
83886080, read_async_nocache, 4, 26.022963, 1.083170
83886080, read_async_nocache, 8, 17.647271, 1.026141
83886080, read_async_nocache, 12, 15.269551, 0.565193
83886080, read_async_nocache, 16, 14.021841, 1.197323
83886080, read_async_nocache, 24, 13.263134, 0.806263
83886080, read_async_nocache, 32, 12.789591, 0.765106
83886080, read_async_nocache, 40, 13.897258, 1.231229
83886080, read_async_nocache, 48, 13.602200, 1.228901
83886080, read_async_nocache, 56, 12.874297, 0.821797
83886080, read_async_nocache, 64, 13.289997, 0.734769
83886080, read_async_nocache, 256, 12.937403, 0.631404
83886080, read_async_nocache, 1024, 13.085566, 1.406116
83886080, read_async_nocache, 4096, 15.457044, 2.257300
83886080, read_async_nocache, 16384, 20.729982, 2.685142
83886080, read_async_nocache, 65536, 28.707567, 1.334029
83886080, read_async_rdahead, 4, 24.956388, 0.997483
83886080, read_async_rdahead, 8, 18.183049, 0.805496
83886080, read_async_rdahead, 12, 14.835974, 0.733377
83886080, read_async_rdahead, 16, 13.840402, 0.840928
83886080, read_async_rdahead, 24, 13.601276, 1.381847
83886080, read_async_rdahead, 32, 12.725849, 0.532117
83886080, read_async_rdahead, 40, 12.997288, 0.695961
83886080, read_async_rdahead, 48, 13.011958, 0.582446
83886080, read_async_rdahead, 56, 12.840220, 0.607849
83886080, read_async_rdahead, 64, 12.869301, 0.478313
83886080, read_async_rdahead, 256, 12.932407, 0.499612
83886080, read_async_rdahead, 1024, 12.927214, 0.897892
83886080, read_async_rdahead, 4096, 15.883054, 1.757432
83886080, read_async_rdahead, 16384, 19.900247, 1.964765
83886080, read_async_rdahead, 65536, 35.259761, 1.328249
83886080, read_async_rdadvise, 4, 25.795912, 2.496590
83886080, read_async_rdadvise, 8, 17.690185, 1.241825
83886080, read_async_rdadvise, 12, 15.188730, 0.664357
83886080, read_async_rdadvise, 16, 14.491332, 0.493456
83886080, read_async_rdadvise, 24, 14.157624, 0.320239
83886080, read_async_rdadvise, 32, 14.253673, 0.545814
83886080, read_async_rdadvise, 40, 14.211016, 0.877795
83886080, read_async_rdadvise, 48, 14.395236, 0.806662
83886080, read_async_rdadvise, 56, 14.342226, 1.113460
83886080, read_async_rdadvise, 64, 14.246278, 0.778425
83886080, read_async_rdadvise, 256, 14.904046, 0.735724
83886080, read_async_rdadvise, 1024, 15.030389, 0.880636
83886080, read_async_rdadvise, 4096, 18.303110, 0.548592
83886080, read_async_rdadvise, 16384, 22.772337, 0.307321
83886080, read_async_rdadvise, 65536, 35.827290, 1.263204
83886080, mmap_plain, 0, 36.373242, 2.510358
83886080, mmap_nocache, 0, 35.980058, 0.913391
83886080, mmap_rdahead, 0, 35.597832, 1.175111
83886080, mmap_rdadvise, 0, 35.073577, 1.488280
8388608, read_plain, 4, 4.012209, 0.158731
8388608, read_plain, 8, 3.117272, 0.087653
8388608, read_plain, 12, 2.951128, 0.116174
8388608, read_plain, 16, 2.829506, 0.112045
8388608, read_plain, 24, 2.694387, 0.111759
8388608, read_plain, 32, 2.663095, 0.151457
8388608, read_plain, 40, 2.647160, 0.076104
8388608, read_plain, 48, 2.707937, 0.056391
8388608, read_plain, 56, 2.729336, 0.136969
8388608, read_plain, 64, 2.750137, 0.170252
8388608, read_plain, 256, 2.631520, 0.053289
8388608, read_plain, 1024, 2.830949, 0.390931
8388608, read_plain, 4096, 3.368837, 0.678506
8388608, read_nocache, 4, 4.639240, 0.160402
8388608, read_nocache, 8, 3.430825, 0.021181
8388608, read_nocache, 12, 3.086418, 0.110032
8388608, read_nocache, 16, 2.922698, 0.090147
8388608, read_nocache, 24, 2.766120, 0.162107
8388608, read_nocache, 32, 2.687813, 0.084236
8388608, read_nocache, 40, 2.690575, 0.120773
8388608, read_nocache, 48, 2.644108, 0.089962
8388608, read_nocache, 56, 2.658471, 0.098822
8388608, read_nocache, 64, 2.574111, 0.108263
8388608, read_nocache, 256, 2.515136, 0.075279
8388608, read_nocache, 1024, 2.705574, 0.232202
8388608, read_nocache, 4096, 3.112565, 0.098484
8388608, read_rdahead, 4, 4.494270, 0.143311
8388608, read_rdahead, 8, 3.004865, 0.106785
8388608, read_rdahead, 12, 2.881995, 0.143445
8388608, read_rdahead, 16, 2.822022, 0.136870
8388608, read_rdahead, 24, 2.730230, 0.129074
8388608, read_rdahead, 32, 2.626793, 0.065160
8388608, read_rdahead, 40, 2.583852, 0.128350
8388608, read_rdahead, 48, 2.683099, 0.093499
8388608, read_rdahead, 56, 2.581964, 0.118415
8388608, read_rdahead, 64, 2.590121, 0.103891
8388608, read_rdahead, 256, 2.550595, 0.095719
8388608, read_rdahead, 1024, 2.648932, 0.116115
8388608, read_rdahead, 4096, 3.022672, 0.179974
8388608, read_rdadvise, 4, 4.551523, 0.184149
8388608, read_rdadvise, 8, 3.265853, 0.043441
8388608, read_rdadvise, 12, 2.954589, 0.157995
8388608, read_rdadvise, 16, 2.836686, 0.099137
8388608, read_rdadvise, 24, 2.591645, 0.123970
8388608, read_rdadvise, 32, 2.666804, 0.197237
8388608, read_rdadvise, 40, 2.424601, 0.078994
8388608, read_rdadvise, 48, 2.593658, 0.155891
8388608, read_rdadvise, 56, 2.455158, 0.152282
8388608, read_rdadvise, 64, 2.402974, 0.152959
8388608, read_rdadvise, 256, 2.261586, 0.100774
8388608, read_rdadvise, 1024, 2.468754, 0.172223
8388608, read_rdadvise, 4096, 2.923056, 0.247809
8388608, read_async_nocache, 4, 3.076783, 0.156879
8388608, read_async_nocache, 8, 2.194218, 0.229911
8388608, read_async_nocache, 12, 1.808733, 0.112326
8388608, read_async_nocache, 16, 1.708997, 0.116524
8388608, read_async_nocache, 24, 1.508236, 0.061171
8388608, read_async_nocache, 32, 1.419509, 0.045997
8388608, read_async_nocache, 40, 1.711258, 0.228126
8388608, read_async_nocache, 48, 1.802243, 0.294457
8388608, read_async_nocache, 56, 1.471178, 0.127023
8388608, read_async_nocache, 64, 1.567316, 0.078183
8388608, read_async_nocache, 256, 1.470154, 0.113088
8388608, read_async_nocache, 1024, 1.842143, 0.156149
8388608, read_async_nocache, 4096, 2.665424, 0.276005
8388608, read_async_rdahead, 4, 3.008015, 0.376279
8388608, read_async_rdahead, 8, 1.933761, 0.218280
8388608, read_async_rdahead, 12, 1.913476, 0.110106
8388608, read_async_rdahead, 16, 1.528427, 0.191609
8388608, read_async_rdahead, 24, 1.624288, 0.124261
8388608, read_async_rdahead, 32, 1.391734, 0.068303
8388608, read_async_rdahead, 40, 1.538742, 0.133190
8388608, read_async_rdahead, 48, 1.553371, 0.190885
8388608, read_async_rdahead, 56, 1.448140, 0.082094
8388608, read_async_rdahead, 64, 1.508659, 0.042530
8388608, read_async_rdahead, 256, 1.435666, 0.108045
8388608, read_async_rdahead, 1024, 1.630218, 0.112889
8388608, read_async_rdahead, 4096, 2.170236, 0.316567
8388608, read_async_rdadvise, 4, 2.553357, 0.128775
8388608, read_async_rdadvise, 8, 2.342073, 0.365438
8388608, read_async_rdadvise, 12, 1.839839, 0.353366
8388608, read_async_rdadvise, 16, 1.690175, 0.321185
8388608, read_async_rdadvise, 24, 1.700820, 0.359878
8388608, read_async_rdadvise, 32, 1.564228, 0.273834
8388608, read_async_rdadvise, 40, 1.466321, 0.134027
8388608, read_async_rdadvise, 48, 1.706099, 0.327401
8388608, read_async_rdadvise, 56, 1.465278, 0.108457
8388608, read_async_rdadvise, 64, 1.624944, 0.194982
8388608, read_async_rdadvise, 256, 1.421275, 0.109790
8388608, read_async_rdadvise, 1024, 2.016780, 0.547081
8388608, read_async_rdadvise, 4096, 2.299074, 0.284980
8388608, mmap_plain, 0, 4.048008, 0.244627
8388608, mmap_nocache, 0, 4.310203, 0.789267
8388608, mmap_rdahead, 0, 3.899422, 0.338849
8388608, mmap_rdadvise, 0, 3.994572, 0.315382
100663296, read_plain, 4, 42.522398, 1.564542
100663296, read_plain, 8, 33.365443, 0.844094
100663296, read_plain, 12, 30.916293, 0.957882
100663296, read_plain, 16, 28.662467, 2.068640
100663296, read_plain, 24, 27.121264, 1.859274
100663296, read_plain, 32, 25.551676, 1.467404
100663296, read_plain, 40, 25.899622, 1.669298
100663296, read_plain, 48, 24.910208, 1.297462
100663296, read_plain, 56, 25.248137, 1.530893
100663296, read_plain, 64, 24.640102, 1.761649
100663296, read_plain, 256, 24.785471, 1.733032
100663296, read_plain, 1024, 23.800553, 1.528416
100663296, read_plain, 4096, 29.070412, 1.051092
100663296, read_plain, 16384, 36.511483, 1.717072
100663296, read_plain, 65536, 44.533945, 6.078456
100663296, read_nocache, 4, 44.489484, 1.972911
100663296, read_nocache, 8, 33.934589, 0.899635
100663296, read_nocache, 12, 31.355044, 1.030599
100663296, read_nocache, 16, 29.515824, 0.794713
100663296, read_nocache, 24, 28.011207, 0.768865
100663296, read_nocache, 32, 27.118510, 1.123471
100663296, read_nocache, 40, 27.308199, 0.814735
100663296, read_nocache, 48, 26.551494, 0.500443
100663296, read_nocache, 56, 26.339346, 0.864410
100663296, read_nocache, 64, 26.444423, 0.770118
100663296, read_nocache, 256, 25.720844, 0.901378
100663296, read_nocache, 1024, 25.508055, 0.856002
100663296, read_nocache, 4096, 28.128572, 0.802322
100663296, read_nocache, 16384, 34.444672, 0.974152
100663296, read_nocache, 65536, 40.495220, 2.161882
100663296, read_rdahead, 4, 43.203491, 2.610941
100663296, read_rdahead, 8, 32.969806, 0.623689
100663296, read_rdahead, 12, 30.506897, 0.945857
100663296, read_rdahead, 16, 29.269458, 0.909874
100663296, read_rdahead, 24, 27.704398, 0.931423
100663296, read_rdahead, 32, 27.409807, 0.681703
100663296, read_rdahead, 40, 26.988945, 0.804735
100663296, read_rdahead, 48, 25.956376, 1.010045
100663296, read_rdahead, 56, 24.869808, 1.434434
100663296, read_rdahead, 64, 25.067427, 1.097013
100663296, read_rdahead, 256, 25.628699, 0.494484
100663296, read_rdahead, 1024, 26.417866, 1.235456
100663296, read_rdahead, 4096, 30.553505, 1.695901
100663296, read_rdahead, 16384, 35.866828, 0.838522
100663296, read_rdahead, 65536, 39.963235, 1.047818
100663296, read_rdadvise, 4, 44.051430, 2.178223
100663296, read_rdadvise, 8, 34.773321, 0.998580
100663296, read_rdadvise, 12, 31.402068, 0.795811
100663296, read_rdadvise, 16, 31.134162, 1.064291
100663296, read_rdadvise, 24, 30.453271, 0.914702
100663296, read_rdadvise, 32, 28.637980, 0.494371
100663296, read_rdadvise, 40, 27.343162, 0.771534
100663296, read_rdadvise, 48, 27.335711, 0.883996
100663296, read_rdadvise, 56, 26.716984, 1.967971
100663296, read_rdadvise, 64, 27.049358, 0.474726
100663296, read_rdadvise, 256, 26.636742, 0.788298
100663296, read_rdadvise, 1024, 28.131687, 0.521115
100663296, read_rdadvise, 4096, 30.642157, 1.147534
100663296, read_rdadvise, 16384, 35.839115, 0.402029
100663296, read_rdadvise, 65536, 41.068400, 1.162313
100663296, read_async_nocache, 4, 31.334361, 0.936960
100663296, read_async_nocache, 8, 21.296395, 0.577562
100663296, read_async_nocache, 12, 18.292710, 0.578795
100663296, read_async_nocache, 16, 17.294970, 1.061114
100663296, read_async_nocache, 24, 16.648058, 0.641002
100663296, read_async_nocache, 32, 15.591061, 0.275263
100663296, read_async_nocache, 40, 15.879140, 0.330406
100663296, read_async_nocache, 48, 16.475623, 0.906648
100663296, read_async_nocache, 56, 16.033931, 0.313151
100663296, read_async_nocache, 64, 16.402470, 0.614834
100663296, read_async_nocache, 256, 16.308593, 0.527040
100663296, read_async_nocache, 1024, 16.582729, 0.287851
100663296, read_async_nocache, 4096, 20.899606, 1.186542
100663296, read_async_nocache, 16384, 26.683669, 2.870667
100663296, read_async_nocache, 65536, 37.515996, 1.612328
100663296, read_async_rdahead, 4, 30.201124, 1.242678
100663296, read_async_rdahead, 8, 20.778290, 0.890002
100663296, read_async_rdahead, 12, 17.399391, 0.514215
100663296, read_async_rdahead, 16, 16.919102, 0.249027
100663296, read_async_rdahead, 24, 16.294556, 0.653345
100663296, read_async_rdahead, 32, 16.160097, 0.281355
100663296, read_async_rdahead, 40, 16.421119, 0.775020
100663296, read_async_rdahead, 48, 16.308576, 0.777361
100663296, read_async_rdahead, 56, 16.563019, 0.584394
100663296, read_async_rdahead, 64, 16.342998, 0.448390
100663296, read_async_rdahead, 256, 16.854489, 0.862009
100663296, read_async_rdahead, 1024, 16.783346, 0.685220
100663296, read_async_rdahead, 4096, 22.173426, 1.308536
100663296, read_async_rdahead, 16384, 25.939751, 0.982512
100663296, read_async_rdahead, 65536, 37.086742, 0.759855
100663296, read_async_rdadvise, 4, 30.543000, 1.625366
100663296, read_async_rdadvise, 8, 21.101689, 0.656599
100663296, read_async_rdadvise, 12, 19.117276, 1.265010
100663296, read_async_rdadvise, 16, 18.726170, 1.363121
100663296, read_async_rdadvise, 24, 17.662690, 0.543728
100663296, read_async_rdadvise, 32, 17.387707, 0.964722
100663296, read_async_rdadvise, 40, 17.570461, 1.083242
100663296, read_async_rdadvise, 48, 17.506052, 0.959573
100663296, read_async_rdadvise, 56, 17.024654, 0.505192
100663296, read_async_rdadvise, 64, 17.761890, 0.835692
100663296, read_async_rdadvise, 256, 17.495128, 0.771285
100663296, read_async_rdadvise, 1024, 19.329903, 0.768276
100663296, read_async_rdadvise, 4096, 22.090058, 0.642562
100663296, read_async_rdadvise, 16384, 27.142299, 0.837656
100663296, read_async_rdadvise, 65536, 41.501345, 1.500429
100663296, mmap_plain, 0, 43.950508, 2.152560
100663296, mmap_nocache, 0, 43.384643, 0.806147
100663296, mmap_rdahead, 0, 43.325775, 0.431031
100663296, mmap_rdadvise, 0, 44.688895, 1.041082
